id,first_name,last_name,email,gender,student_id,study_programme,secondary_school,registration_date,academic_year
1,Beatrix,Richie,brichie0@altervista.org,Female,9f1e0130-8703-4c97-acd2-5d9d909fd7c2,BACHELOR OF SCIENCE IN ELECTRONICS ENGINEERING HONOURS  (ELECTRICAL),Holy Cross Convent School,10/14/2023,2023
2,Kerrill,Meah,kmeah1@netlog.com,Genderqueer,a6eb211b-5016-4fad-9d81-a6c5e82b1dfe,BACHELOR OF SCIENCE IN ELECTRONICS ENGINEERING HONOURS  (ELECTRICAL),Etosha Secondary School,9/14/2023,2023
3,Kylie,Tivolier,ktivolier2@bloglovin.com,Female,c97b3c25-a365-4d91-9c96-a7bfef3eb855,BACHELOR IN NURSING HONOURS,Etosha Secondary School,10/6/2023,2023
4,Gabi,Hearnshaw,ghearnshaw3@furl.net,Male,42ed6057-de4f-4e52-9ef7-ec0134e199fc,BACHELOR IN BUSINESS ADMINISTRATION,Etosha Secondary School,4/28/2024,
5,Caddric,Malsher,cmalsher4@weebly.com,Non-binary,0664d540-004d-4f50-9fd1-ee733e200ae8,BACHELOR IN HUMAN RESOURCE MANAGEMENT,Academia Secondary School,12/4/2024,
6,Myrtia,Schwartz,,Female,4d2b49ff-b870-46f2-837e-4999fca235fa,BACHELOR IN NURSING HONOURS,Etosha Secondary School,10/3/2024,
7,Micah,Casley,mcasley6@google.co.jp,Male,759256e5-c5e7-4c84-9248-a26fc8ef112e,BACHELOR OF SCIENCE IN ELECTRONICS ENGINEERING HONOURS  (ELECTRICAL),Etosha Secondary School,8/17/2024,
8,Piper,Ebbrell,pebbrell7@time.com,Female,d6f99b04-3099-415b-a9f3-58aae0ecab3c,BACHELOR IN NURSING HONOURS,Academia Secondary School,1/6/2025,
9,Jaymee,Rashleigh,jrashleigh8@marketwatch.com,Female,2a0b3975-f0cb-4144-8d79-1c61fb136080,BACHELOR IN NURSING HONOURS,Holy Cross Convent School,2/14/2024,
10,Kurtis,Segges,ksegges9@xinhuanet.com,Male,0c549fa5-1338-4730-8649-878f89ac8aff,DIPLOMA IN WATER RESOURCES MANAGEMENT,Hochland High School,3/9/2023,
11,Wallache,Foster-Smith,,Male,0c7edb34-fa00-439f-89e7-6b2c37571220,BACHELOR IN HUMAN RESOURCE MANAGEMENT,Hochland High School,7/9/2024,
12,Pris,Kiffin,pkiffinb@pen.io,Non-binary,fd28d4c6-fb83-4653-842b-a9860d661498,BACHELOR IN HUMAN RESOURCE MANAGEMENT,J. G. van der Wath Secondary School,4/23/2023,2023
13,Brittaney,Goodlad,bgoodladc@lulu.com,Female,ac86eb19-57f8-44d5-b74f-af34a8b3da93,BACHELOR OF SCIENCE IN ELECTRONICS ENGINEERING HONOURS  (ELECTRICAL),A. Shipena Secondary School,1/13/2024,
14,Jordanna,Yearne,,Female,a26f9773-85c3-4ee8-8389-dde2b334f51c,BACHELOR IN HUMAN RESOURCE MANAGEMENT,Hochland High School,12/16/2024,
15,Tommy,Denton,tdentone@goodreads.com,Female,b13863bf-579d-41ee-8fe9-5a80eff1eec8,BACHELOR IN NURSING HONOURS,Hochland High School,11/16/2024,
16,Townsend,Burn,tburnf@flickr.com,Male,886df530-77a8-42a0-be46-a43891d04691,BACHELOR IN HUMAN RESOURCE MANAGEMENT,Academia Secondary School,7/7/2023,
17,Audre,Britee,,Female,3a5f203b-c00a-4d00-80fa-08a40e0a76cd,BACHELOR IN BUSINESS ADMINISTRATION,Academia Secondary School,12/10/2023,
18,Danyelle,Tiron,dtironh@list-manage.com,Female,5cd2eab0-cac1-4942-b604-4778e5e12422,MASTER IN PUBLIC POLICY AND MANAGEMENT,Academia Secondary School,12/16/2023,
19,Jemie,McEvon,jmcevoni@flickr.com,Female,82b36eab-ce14-4c3f-8901-cf9f471a2c80,MASTER IN PUBLIC POLICY AND MANAGEMENT,Academia Secondary School,4/3/2024,
20,Albertina,Tommaseo,,Female,25dc0b24-6bfe-41ee-9816-f586f4c4afaa,BACHELOR OF SCIENCE IN ELECTRONICS ENGINEERING HONOURS  (ELECTRICAL),A. Shipena Secondary School,12/26/2023,
21,Dore,Obern,,Female,c06f387b-1146-4d6a-a8c1-042a3e370cb1,BACHELOR OF SCIENCE IN ELECTRONICS ENGINEERING HONOURS  (ELECTRICAL),Academia Secondary School,7/22/2023,
22,Danya,Moorerud,dmoorerudl@istockphoto.com,Female,4970c49e-9dbc-49a7-8e6c-969510b255f0,BACHELOR IN HUMAN RESOURCE MANAGEMENT,Academia Secondary School,3/11/2023,
23,Gordie,Yourell,gyourellm@theglobeandmail.com,Genderqueer,d0f6719e-dfad-494b-b15c-cb8351bd21b6,BACHELOR OF SCIENCE IN ELECTRONICS ENGINEERING HONOURS  (ELECTRICAL),A. Shipena Secondary School,4/24/2024,
24,Jerrold,Pates,jpatesn@nih.gov,Male,ff45e1fb-5299-46b5-a30d-4782cf36fdfb,DIPLOMA IN WATER RESOURCES MANAGEMENT,J. G. van der Wath Secondary School,8/2/2023,
25,Rance,O'Garmen,rogarmeno@google.ca,Male,3ec3a6f8-58fc-42fa-9fd9-328da2fe89a3,MASTER IN PUBLIC POLICY AND MANAGEMENT,Etosha Secondary School,9/26/2024,
26,Terrel,Tebbitt,ttebbittp@ehow.com,Male,bb04be49-d42f-44e6-9736-6a3e1b08546f,BACHELOR IN HUMAN RESOURCE MANAGEMENT,A. Shipena Secondary School,9/25/2024,
27,Blake,Catanheira,bcatanheiraq@edublogs.org,Female,d5f940e9-feef-4b3e-9c32-0f1845af2462,BACHELOR IN HUMAN RESOURCE MANAGEMENT,Etosha Secondary School,3/6/2024,
28,Ferd,Ridding,friddingr@e-recht24.de,Male,a5a4fee9-e83f-4037-9ebb-adf77375b9db,BACHELOR IN BUSINESS ADMINISTRATION,J. G. van der Wath Secondary School,9/15/2024,
29,Georgeanna,Millwater,gmillwaters@independent.co.uk,Female,041d08a1-f73e-4a8c-a739-987650ebbf79,MASTER IN PUBLIC POLICY AND MANAGEMENT,J. G. van der Wath Secondary School,4/19/2024,
30,Lanette,Hendriksen,lhendriksent@stumbleupon.com,Female,08545937-726c-46fd-87f9-1000aa9b2c47,DIPLOMA IN WATER RESOURCES MANAGEMENT,Academia Secondary School,2/17/2023,
31,Shandee,MacLardie,smaclardieu@rakuten.co.jp,Female,f2555e03-4f20-4166-bb25-cabc3a5e31dd,BACHELOR IN HUMAN RESOURCE MANAGEMENT,Academia Secondary School,12/24/2024,
32,Sib,Jirik,sjirikv@twitpic.com,Female,b0e69fcc-08c6-433c-b08b-a374a9f8f1f4,BACHELOR IN BUSINESS ADMINISTRATION,Academia Secondary School,11/21/2024,
33,Roda,Pooke,rpookew@stumbleupon.com,Female,0d231ec6-bd51-42f0-a65b-82deca69e185,BACHELOR IN HUMAN RESOURCE MANAGEMENT,Etosha Secondary School,8/5/2023,
34,Tamqrah,Smurfit,tsmurfitx@dell.com,Female,ed566039-5b54-4a30-a7d4-0d6ce4989651,DIPLOMA IN WATER RESOURCES MANAGEMENT,Holy Cross Convent School,9/23/2024,
35,Darleen,Bagge,,Female,1dd209d7-7a26-440c-a408-75bd45753378,BACHELOR IN BUSINESS ADMINISTRATION,A. Shipena Secondary School,1/12/2024,
36,Brig,Cutmare,bcutmarez@baidu.com,Male,aa55b960-af83-41f1-9bbd-6f496328c213,BACHELOR IN NURSING HONOURS,J. G. van der Wath Secondary School,1/13/2025,
37,Stesha,Lehrer,,Female,cf3003de-9aba-445a-afa7-9c720872c51b,BACHELOR IN HUMAN RESOURCE MANAGEMENT,Hochland High School,2/25/2023,
38,Brooks,Cogar,bcogar11@scientificamerican.com,Male,e3e5945d-0aaf-4b84-b1c9-5fc1911f21e7,BACHELOR OF SCIENCE IN ELECTRONICS ENGINEERING HONOURS  (ELECTRICAL),Etosha Secondary School,12/2/2024,
39,Marcus,Gullyes,mgullyes12@so-net.ne.jp,Male,b577bcd2-e03c-46fa-bda4-fe4e643039f5,BACHELOR IN NURSING HONOURS,Holy Cross Convent School,12/11/2024,
40,Fin,Rhule,frhule13@discovery.com,Male,552aca34-0252-4a45-8027-3957e65c9a8d,BACHELOR OF SCIENCE IN ELECTRONICS ENGINEERING HONOURS  (ELECTRICAL),A. Shipena Secondary School,4/13/2024,
41,Isaiah,Helleker,ihelleker14@webs.com,Male,a478f81b-4de4-445d-9361-a8c1d3149233,BACHELOR IN BUSINESS ADMINISTRATION,Etosha Secondary School,12/2/2023,
42,Luce,Barrat,,Female,604ccbb1-1e3a-4399-a359-f9e6b66bb654,BACHELOR IN HUMAN RESOURCE MANAGEMENT,Hochland High School,12/22/2023,
43,Leonanie,Philippard,lphilippard16@addthis.com,Female,a73d58b2-916a-4d99-9287-18370d9749ee,BACHELOR IN HUMAN RESOURCE MANAGEMENT,J. G. van der Wath Secondary School,3/14/2023,
44,Bibbye,Buie,bbuie17@seattletimes.com,Female,a7f175f8-f25b-4a9a-ab8d-e37c5810158a,BACHELOR OF SCIENCE IN ELECTRONICS ENGINEERING HONOURS  (ELECTRICAL),Hochland High School,7/4/2023,
45,Timmie,Paulon,,Male,b4a77db8-ef15-4afc-8517-fd0f60cde800,BACHELOR IN HUMAN RESOURCE MANAGEMENT,Hochland High School,8/10/2024,
46,Even,Kimbly,ekimbly19@cargocollective.com,Male,1caca841-60e3-45f7-ba0a-b6963da4d460,BACHELOR IN BUSINESS ADMINISTRATION,Etosha Secondary School,1/7/2024,
47,Roma,Cockin,rcockin1a@disqus.com,Male,879a91bf-d7a6-4ec6-abd2-ccd307ae65fe,BACHELOR OF SCIENCE IN ELECTRONICS ENGINEERING HONOURS  (ELECTRICAL),A. Shipena Secondary School,11/8/2023,
48,Vanda,Hutchens,vhutchens1b@google.cn,Female,210708a5-83a2-4ca7-892e-4e45d8ed98e5,BACHELOR IN NURSING HONOURS,Academia Secondary School,5/12/2023,
49,Damara,Lebang,dlebang1c@sohu.com,Female,04f7ab98-2ef0-4a08-9ece-29d2cbca7c71,BACHELOR OF SCIENCE IN ELECTRONICS ENGINEERING HONOURS  (ELECTRICAL),A. Shipena Secondary School,2/1/2023,
50,Korry,Hounsom,khounsom1d@digg.com,Female,3fb5495d-d218-4817-b1be-b57292ec415e,BACHELOR IN HUMAN RESOURCE MANAGEMENT,Holy Cross Convent School,4/2/2023,2023
51,Vonni,Shipway,,Female,e82bef9f-d3bc-4aae-bdd0-915a859097ef,DIPLOMA IN WATER RESOURCES MANAGEMENT,Hochland High School,11/11/2023,
52,Fina,Phippin,fphippin1f@mozilla.com,Female,bb4685e8-3f56-4823-b17f-f810e0311aaf,BACHELOR IN BUSINESS ADMINISTRATION,Hochland High School,6/27/2024,
53,Lanny,Cassidy,lcassidy1g@senate.gov,Male,95ccd652-2b3b-4d54-9ef2-f8ecdb3faccc,BACHELOR IN HUMAN RESOURCE MANAGEMENT,Holy Cross Convent School,6/30/2023,
54,Arlette,Hehl,ahehl1h@boston.com,Female,3fc21e38-75e9-496c-be31-b8719f083dee,BACHELOR IN BUSINESS ADMINISTRATION,Holy Cross Convent School,11/23/2024,
55,Harman,Gemnett,hgemnett1i@tinyurl.com,Male,d819a4b8-7a7b-4a61-b834-2880a04991c9,BACHELOR IN HUMAN RESOURCE MANAGEMENT,Hochland High School,5/8/2023,
56,Von,Starkey,vstarkey1j@chicagotribune.com,Male,d17c9e05-fbd2-4621-b213-7bb2ddeed10b,MASTER IN PUBLIC POLICY AND MANAGEMENT,Academia Secondary School,10/9/2024,
57,Verney,Pape,vpape1k@quantcast.com,Male,9cdeff73-5e61-4b7f-bfbd-1ddcc31b404d,BACHELOR IN BUSINESS ADMINISTRATION,J. G. van der Wath Secondary School,11/26/2023,
58,Eddy,Latchmore,elatchmore1l@sfgate.com,Agender,248dda68-8511-459e-9c26-847294a4178e,BACHELOR OF SCIENCE IN ELECTRONICS ENGINEERING HONOURS  (ELECTRICAL),Hochland High School,10/8/2024,
59,Caren,Perton,,Female,0e16f047-6378-4f37-b17d-9aabff59773b,BACHELOR OF SCIENCE IN ELECTRONICS ENGINEERING HONOURS  (ELECTRICAL),A. Shipena Secondary School,5/9/2023,
60,Sheffy,Bushby,sbushby1n@t.co,Male,c89c6ae8-35fb-4a00-9ded-63693581164c,BACHELOR OF SCIENCE IN ELECTRONICS ENGINEERING HONOURS  (ELECTRICAL),Etosha Secondary School,3/3/2024,
61,Stephanie,Lovie,slovie1o@who.int,Female,5967ffa4-d3a6-458b-94fd-9448740b6879,BACHELOR OF SCIENCE IN ELECTRONICS ENGINEERING HONOURS  (ELECTRICAL),Holy Cross Convent School,10/10/2023,
62,Joete,Webland,jwebland1p@about.com,Female,2c282286-ddb8-4bb4-80b9-da2d0ee810a1,BACHELOR OF SCIENCE IN ELECTRONICS ENGINEERING HONOURS  (ELECTRICAL),J. G. van der Wath Secondary School,12/12/2023,
63,Malinda,Tregea,,Female,6d2990fb-d0b0-43e1-8592-f7dad5f7102e,BACHELOR IN NURSING HONOURS,Holy Cross Convent School,3/11/2024,
64,Uri,Bottomore,,Male,e0bfd046-f0fc-4956-bcde-16e3c704913e,BACHELOR IN HUMAN RESOURCE MANAGEMENT,Holy Cross Convent School,8/14/2023,
65,Jena,Santer,,Female,323f4508-a329-4209-a7fb-04999dc045f4,BACHELOR IN HUMAN RESOURCE MANAGEMENT,Hochland High School,1/11/2025,
66,Hartwell,Van Son,hvanson1t@pcworld.com,Male,839dd26d-0e65-4133-824b-574f8af2132e,BACHELOR OF SCIENCE IN ELECTRONICS ENGINEERING HONOURS  (ELECTRICAL),J. G. van der Wath Secondary School,10/31/2023,
67,Carlynne,McIntosh,cmcintosh1u@seattletimes.com,Non-binary,fb34f499-c6c1-40cf-87a6-bd2d2b4556e4,BACHELOR OF SCIENCE IN ELECTRONICS ENGINEERING HONOURS  (ELECTRICAL),J. G. van der Wath Secondary School,6/23/2024,
68,Georgy,Pexton,gpexton1v@github.io,Genderqueer,e7922467-d74b-4924-8f31-38ba2624693d,BACHELOR OF SCIENCE IN ELECTRONICS ENGINEERING HONOURS  (ELECTRICAL),Academia Secondary School,7/18/2023,
69,Arni,Gaskal,,Male,836f5742-64f7-4fbf-b5d5-afd51d86fdf8,BACHELOR OF SCIENCE IN ELECTRONICS ENGINEERING HONOURS  (ELECTRICAL),Academia Secondary School,11/9/2023,
70,Larissa,Glandfield,,Female,0090a3f0-655a-42bf-bc7f-66f4e93993fa,BACHELOR IN NURSING HONOURS,J. G. van der Wath Secondary School,11/3/2024,
71,Buck,Shynn,bshynn1y@businessinsider.com,Male,08fb4e1c-3b65-44af-862f-3b6e19d838f6,BACHELOR IN NURSING HONOURS,Holy Cross Convent School,12/28/2024,
72,Konrad,Finlay,kfinlay1z@canalblog.com,Male,135e2a64-34b6-4bd2-87a2-fc48cc695b4a,DIPLOMA IN WATER RESOURCES MANAGEMENT,J. G. van der Wath Secondary School,1/27/2025,
73,Tish,Corkish,tcorkish20@squidoo.com,Female,87d573fd-0467-4aa6-bc6f-5bd345c17390,BACHELOR IN BUSINESS ADMINISTRATION,Holy Cross Convent School,5/9/2024,
74,Holly,Elphinstone,helphinstone21@list-manage.com,Male,bd1487d3-6337-447d-8a76-93bf469c9f89,MASTER IN PUBLIC POLICY AND MANAGEMENT,J. G. van der Wath Secondary School,5/24/2024,
75,Felicle,Whereat,fwhereat22@boston.com,Female,68bad9b7-6502-4c96-ac80-5a7d1a0e41f7,BACHELOR IN NURSING HONOURS,Holy Cross Convent School,2/6/2024,
76,Venita,Gantlett,,Female,9129fc69-0258-433e-b10a-5d4f6a7721ee,BACHELOR IN NURSING HONOURS,Holy Cross Convent School,10/6/2023,
77,Verina,Scrigmour,,Female,584b06db-4c39-4478-8805-d394d2ea4061,DIPLOMA IN WATER RESOURCES MANAGEMENT,Etosha Secondary School,8/18/2023,
78,Cyrille,Putson,cputson25@sfgate.com,Male,2a57b459-feaa-496e-9fa5-b99a09b0697d,DIPLOMA IN WATER RESOURCES MANAGEMENT,Holy Cross Convent School,8/17/2023,
79,Velma,Lamburne,vlamburne26@ebay.co.uk,Female,f12c70a3-a225-4b03-9991-27f1ee776b2e,MASTER IN PUBLIC POLICY AND MANAGEMENT,J. G. van der Wath Secondary School,7/2/2024,
80,Kipp,Saffe,ksaffe27@comcast.net,Female,1c41deb9-d050-40d8-a21a-9f813ff83950,MASTER IN PUBLIC POLICY AND MANAGEMENT,J. G. van der Wath Secondary School,6/16/2023,
81,Ingrid,Halleybone,ihalleybone28@cdbaby.com,Female,58c80c7a-4887-4763-ad95-00b298f1bcec,MASTER IN PUBLIC POLICY AND MANAGEMENT,Holy Cross Convent School,1/24/2024,
82,Marni,Leete,mleete29@theatlantic.com,Female,93082267-b138-477d-9dbb-fbb51fe9e83b,DIPLOMA IN WATER RESOURCES MANAGEMENT,J. G. van der Wath Secondary School,6/24/2024,
83,Pedro,Jardin,pjardin2a@parallels.com,Male,76765240-7a2e-41b8-8f75-020294876fae,BACHELOR IN NURSING HONOURS,Academia Secondary School,1/28/2024,
84,Tracee,Toovey,ttoovey2b@smugmug.com,Female,991c79c8-3bc8-47e9-95e9-cdd5a1bafa94,BACHELOR IN HUMAN RESOURCE MANAGEMENT,Academia Secondary School,1/4/2024,
85,Ulberto,Bouller,ubouller2c@omniture.com,Male,f4830a11-b226-4971-9f88-f7f0d9d2127e,BACHELOR IN HUMAN RESOURCE MANAGEMENT,Etosha Secondary School,2/16/2024,
86,Candy,Keatley,ckeatley2d@nymag.com,Female,f0fb94ad-d0b4-4a6c-842e-13266904c4a0,DIPLOMA IN WATER RESOURCES MANAGEMENT,Hochland High School,8/11/2023,
87,Vanya,Calf,vcalf2e@de.vu,Female,05fbb6dd-aab8-46f5-b98a-e98430791a27,BACHELOR IN NURSING HONOURS,J. G. van der Wath Secondary School,6/3/2023,
88,Killy,MacNish,kmacnish2f@macromedia.com,Male,09f76b40-d7ea-4e6c-95bb-97fcdd270f6b,BACHELOR IN NURSING HONOURS,Holy Cross Convent School,9/25/2023,
89,Charis,Studders,cstudders2g@wikimedia.org,Female,294e64ef-c3cd-4e32-a0ba-c96d9748bfc8,DIPLOMA IN WATER RESOURCES MANAGEMENT,A. Shipena Secondary School,12/10/2023,
90,Diane-marie,Strutt,dstrutt2h@craigslist.org,Female,813f075d-8615-43c4-bcf2-06341aa66f05,BACHELOR IN BUSINESS ADMINISTRATION,A. Shipena Secondary School,12/2/2024,
91,Ive,Crossfeld,icrossfeld2i@gizmodo.com,Male,f13e6ac5-d481-41d5-822f-8c44a0965ad8,BACHELOR IN BUSINESS ADMINISTRATION,Holy Cross Convent School,7/6/2024,
92,Patrick,Holhouse,pholhouse2j@globo.com,Male,ee48c968-a652-4fcc-a89f-93f474e1140e,BACHELOR IN BUSINESS ADMINISTRATION,A. Shipena Secondary School,11/11/2023,
93,Kaylyn,Farrens,kfarrens2k@is.gd,Female,b182035f-1413-452a-b9e6-7a9330267bc4,BACHELOR IN BUSINESS ADMINISTRATION,Academia Secondary School,10/21/2023,
94,Merrill,Pawden,,Female,47170911-aebe-4077-b519-1bcebc9dee78,BACHELOR OF SCIENCE IN ELECTRONICS ENGINEERING HONOURS  (ELECTRICAL),Etosha Secondary School,2/1/2023,
95,Timothea,Baress,tbaress2m@amazon.co.uk,Female,6ef956dd-7228-4a08-b1d6-7e4dd0388d8a,BACHELOR IN BUSINESS ADMINISTRATION,Etosha Secondary School,5/6/2024,
96,Ichabod,Penvarne,ipenvarne2n@wiley.com,Male,d53c38a8-0732-4953-9159-800db81f3492,BACHELOR IN HUMAN RESOURCE MANAGEMENT,J. G. van der Wath Secondary School,5/22/2023,
97,Natal,Schoenleiter,nschoenleiter2o@alibaba.com,Male,0860509e-6e06-44a0-ba54-e336277d3145,BACHELOR IN NURSING HONOURS,Academia Secondary School,8/29/2024,
98,Graeme,Beavan,gbeavan2p@phpbb.com,Male,56853137-47da-43b3-bfdc-cf3387792736,BACHELOR OF SCIENCE IN ELECTRONICS ENGINEERING HONOURS  (ELECTRICAL),Academia Secondary School,9/11/2024,
99,Aurelea,Malan,amalan2q@guardian.co.uk,Female,b596c183-c915-4f26-a345-1ad891575810,MASTER IN PUBLIC POLICY AND MANAGEMENT,A. Shipena Secondary School,4/17/2024,
100,Cherida,Challenger,,Female,eaf22a61-a123-48c2-bea9-b9171993f9be,BACHELOR IN HUMAN RESOURCE MANAGEMENT,Academia Secondary School,8/14/2023,
101,Yettie,MacSwayde,ymacswayde2s@blogs.com,Female,cfdb50fe-4349-4ff8-aab7-a143735c840a,BACHELOR IN HUMAN RESOURCE MANAGEMENT,Hochland High School,8/12/2023,
102,Tana,Fawcus,tfawcus2t@altervista.org,Female,b1510096-6924-4bc4-86fd-209815a7a2e2,BACHELOR OF SCIENCE IN ELECTRONICS ENGINEERING HONOURS  (ELECTRICAL),Academia Secondary School,5/9/2023,
103,Tuckie,Androlli,tandrolli2u@vinaora.com,Polygender,dcce6718-df6c-4c7d-8902-94da06d522f2,BACHELOR IN HUMAN RESOURCE MANAGEMENT,J. G. van der Wath Secondary School,8/23/2023,2023
104,Evangelia,Shackesby,eshackesby2v@google.nl,Female,e7005f6e-100f-4011-96cf-988ee3fbd64c,BACHELOR IN HUMAN RESOURCE MANAGEMENT,Holy Cross Convent School,1/5/2024,
105,King,Scrane,kscrane2w@nifty.com,Male,27133714-b09e-49cb-8fb5-2a51ba3c8d71,DIPLOMA IN WATER RESOURCES MANAGEMENT,A. Shipena Secondary School,5/14/2024,
106,Sukey,Adderley,sadderley2x@wiley.com,Female,0905763f-3922-49d0-a1f7-9c1615940456,BACHELOR IN HUMAN RESOURCE MANAGEMENT,Hochland High School,10/6/2024,
107,Myles,Heasman,mheasman2y@google.cn,Male,fbda0c76-34fa-4b7d-bbe1-8c7add03c9f6,BACHELOR IN NURSING HONOURS,Etosha Secondary School,2/1/2024,
108,Davidde,Whittuck,dwhittuck2z@1688.com,Male,1280046a-1bbe-45f7-8eb5-f3ae80ef174b,DIPLOMA IN WATER RESOURCES MANAGEMENT,Etosha Secondary School,4/16/2023,
109,Rick,Spere,rspere30@shareasale.com,Male,190d4db5-791d-4229-b604-a259e9f5774c,BACHELOR IN NURSING HONOURS,A. Shipena Secondary School,6/15/2024,
110,Myrtle,Sharrocks,msharrocks31@archive.org,Female,8786c812-1118-437d-b5fd-4b67db0a4acf,BACHELOR IN BUSINESS ADMINISTRATION,A. Shipena Secondary School,11/10/2023,
111,Bondie,Muttock,,Male,c3c040a1-0b15-492c-b0e1-51fe7bd07852,MASTER IN PUBLIC POLICY AND MANAGEMENT,Etosha Secondary School,3/10/2023,
112,Robbi,Blampy,rblampy33@surveymonkey.com,Female,38d32bc5-7d1d-4fc7-badc-a8e30c0a8a58,MASTER IN PUBLIC POLICY AND MANAGEMENT,Hochland High School,10/7/2024,
113,Izabel,Sinott,,Non-binary,7e682ab2-1fe8-4b31-8c58-1519bf12269d,BACHELOR IN NURSING HONOURS,Etosha Secondary School,7/2/2023,
114,Daphene,Romushkin,dromushkin35@unblog.fr,Female,a1288fb5-0fd5-4f05-962c-f9a93bafd8ea,BACHELOR OF SCIENCE IN ELECTRONICS ENGINEERING HONOURS  (ELECTRICAL),Hochland High School,1/4/2025,
115,Barney,Neame,bneame36@people.com.cn,Male,aa99c0b3-fa21-4ede-babf-b348252d6a37,BACHELOR IN BUSINESS ADMINISTRATION,Etosha Secondary School,9/29/2023,
116,Kenna,Falkus,kfalkus37@webmd.com,Female,72b19d19-c5cc-432f-91c5-bbf4393ead95,BACHELOR IN BUSINESS ADMINISTRATION,Holy Cross Convent School,10/16/2024,
117,Guntar,Sherme,gsherme38@skyrock.com,Male,e3dabf25-12c1-4772-ae41-895664c89cd5,MASTER IN PUBLIC POLICY AND MANAGEMENT,Academia Secondary School,6/6/2023,
118,Enos,Reditt,ereditt39@archive.org,Male,d6978b58-7502-464e-bef7-d4c5ad9d7301,BACHELOR IN BUSINESS ADMINISTRATION,Etosha Secondary School,7/9/2023,
119,Curtis,Costy,ccosty3a@nasa.gov,Male,d9625cb1-bab8-48b0-bfc9-cd369566abdd,BACHELOR IN NURSING HONOURS,Etosha Secondary School,11/14/2024,
120,Anabal,Murch,amurch3b@ca.gov,Female,11b286a5-8229-4af6-8f81-b8fc409feec8,DIPLOMA IN WATER RESOURCES MANAGEMENT,Hochland High School,2/1/2023,
121,Gerry,Ogle,gogle3c@jalbum.net,Male,c9138c2c-31e6-45bb-984f-4bcc682df219,BACHELOR IN BUSINESS ADMINISTRATION,J. G. van der Wath Secondary School,1/15/2025,
122,Hildy,Prescot,hprescot3d@loc.gov,Female,7445c4a4-5b74-4069-a54a-acad83cdbf3f,BACHELOR IN NURSING HONOURS,A. Shipena Secondary School,1/18/2025,
123,Jarrid,Larroway,jlarroway3e@163.com,Male,e04ad558-8c42-499e-a082-24da1a4d9bf2,MASTER IN PUBLIC POLICY AND MANAGEMENT,Holy Cross Convent School,8/5/2023,
124,Corly,Burtenshaw,,Female,5c0c322b-3558-45c5-a2e2-5893375aac58,BACHELOR IN HUMAN RESOURCE MANAGEMENT,A. Shipena Secondary School,6/14/2023,
125,Addison,Hughman,ahughman3g@nymag.com,Male,9bac3084-5564-4c70-a0f0-012e0ba8d904,BACHELOR OF SCIENCE IN ELECTRONICS ENGINEERING HONOURS  (ELECTRICAL),Hochland High School,8/6/2023,
126,Annnora,Alejandre,aalejandre3h@jugem.jp,Female,2b9343b0-3f1f-4887-a317-f0c821a6a06d,MASTER IN PUBLIC POLICY AND MANAGEMENT,Etosha Secondary School,2/2/2023,
127,Rianon,Oldroyd,roldroyd3i@163.com,Female,8161f4bd-0f35-4f2f-a85c-81ddae57cee7,DIPLOMA IN WATER RESOURCES MANAGEMENT,Academia Secondary School,6/23/2024,
128,Burl,Neath,bneath3j@pbs.org,Male,4f1b1ac8-4e35-4421-ba05-c242d76b32a0,BACHELOR IN NURSING HONOURS,J. G. van der Wath Secondary School,11/7/2024,
129,Nerte,Haston,nhaston3k@multiply.com,Female,5ca79d88-1a50-4efc-ba4e-15f4fa344df5,DIPLOMA IN WATER RESOURCES MANAGEMENT,Holy Cross Convent School,3/16/2023,
130,Klarrisa,Thake,kthake3l@home.pl,Female,bc710eeb-78e3-462b-8bb1-c3a3dd18ba25,BACHELOR IN HUMAN RESOURCE MANAGEMENT,Hochland High School,3/26/2023,
131,Anallise,Bevans,abevans3m@theatlantic.com,Female,8d540c1f-d906-4160-88e5-5aeb1d5c5954,DIPLOMA IN WATER RESOURCES MANAGEMENT,Holy Cross Convent School,4/7/2023,
132,Wynn,Osant,wosant3n@smugmug.com,Female,58da119b-05b8-4b93-9b89-a7a638beea87,BACHELOR IN HUMAN RESOURCE MANAGEMENT,Etosha Secondary School,7/29/2023,
133,Imelda,Clash,iclash3o@google.nl,Female,72e5d958-84bc-4c46-95f6-005742e4c741,BACHELOR IN NURSING HONOURS,Holy Cross Convent School,7/30/2023,
134,Brod,Udall,,Male,25dd1a40-1ccf-48a6-abf6-b661041630f4,BACHELOR IN HUMAN RESOURCE MANAGEMENT,Academia Secondary School,9/5/2023,
135,Domingo,Andreopolos,dandreopolos3q@free.fr,Male,26d4caaf-c372-4e0f-9557-4ed63726ee54,BACHELOR IN BUSINESS ADMINISTRATION,Hochland High School,12/16/2024,2024
136,Francesco,Kerans,,Male,86d1a8f8-2e33-45bf-acd9-904e7e728a3d,DIPLOMA IN WATER RESOURCES MANAGEMENT,Academia Secondary School,3/6/2024,
137,Gregory,Wimpenny,gwimpenny3s@friendfeed.com,Male,e34143f9-ea65-4a8d-b318-d2487659f936,BACHELOR IN BUSINESS ADMINISTRATION,Hochland High School,12/24/2024,
138,Davie,Sayton,dsayton3t@oracle.com,Male,e4894293-3a97-4400-8609-7e00659c9ffd,BACHELOR IN NURSING HONOURS,Holy Cross Convent School,12/14/2023,
139,Hillier,Maidstone,,Non-binary,6b15edfb-ae36-49a6-9803-472dacb79e14,BACHELOR IN NURSING HONOURS,Holy Cross Convent School,6/18/2023,
140,Alla,Grigoli,,Female,db456879-fd00-418d-9e1a-5a16cf183d09,BACHELOR IN BUSINESS ADMINISTRATION,Holy Cross Convent School,4/19/2023,
141,Engracia,McKeggie,emckeggie3w@cnn.com,Female,ed2cbded-ff77-4f34-b3a7-3e4eedbed19b,MASTER IN PUBLIC POLICY AND MANAGEMENT,A. Shipena Secondary School,11/2/2023,
142,Peterus,Cordingly,pcordingly3x@sourceforge.net,Male,b7cf40ff-e0f7-443e-b2b7-c85b6fddf748,BACHELOR IN BUSINESS ADMINISTRATION,Academia Secondary School,8/20/2023,
143,Pamella,Vennart,pvennart3y@hubpages.com,Female,9ee2a2c6-b551-403b-8d62-0272ef34459b,BACHELOR IN HUMAN RESOURCE MANAGEMENT,Etosha Secondary School,11/7/2024,
144,Carolann,Newnham,cnewnham3z@vistaprint.com,Female,c448361d-65cf-45b5-884d-fa714ff70090,MASTER IN PUBLIC POLICY AND MANAGEMENT,Academia Secondary School,5/18/2023,
145,Nero,Creswell,ncreswell40@livejournal.com,Male,da5e799d-bb2b-4e6f-9c05-64fe6c797a25,BACHELOR IN BUSINESS ADMINISTRATION,A. Shipena Secondary School,5/2/2023,
146,Charmane,McKerron,cmckerron41@etsy.com,Female,89625026-172e-4145-805e-b3fb367a63b2,BACHELOR IN BUSINESS ADMINISTRATION,Etosha Secondary School,3/23/2023,
147,Jenna,Foddy,,Female,d22f6a4c-68f5-4fe6-b747-03a93ace4f95,MASTER IN PUBLIC POLICY AND MANAGEMENT,J. G. van der Wath Secondary School,5/25/2024,
148,Moyra,Imlin,,Female,3e73f109-85a8-4f35-929e-1a20f958737d,BACHELOR IN HUMAN RESOURCE MANAGEMENT,A. Shipena Secondary School,5/2/2024,
149,Twila,McKerton,tmckerton44@wikipedia.org,Female,3a02b85a-fc23-4294-8ae5-95e1abb5983a,DIPLOMA IN WATER RESOURCES MANAGEMENT,Academia Secondary School,7/20/2023,
150,Bartholomew,Tolliday,btolliday45@meetup.com,Male,0709d555-2668-4fcd-9e8b-1bd6b6cdd5e6,BACHELOR IN BUSINESS ADMINISTRATION,Holy Cross Convent School,5/27/2023,
151,Tobe,Lackner,tlackner46@macromedia.com,Female,986151b7-87a5-48a9-8c60-02d417615d2d,BACHELOR IN HUMAN RESOURCE MANAGEMENT,A. Shipena Secondary School,6/10/2023,
152,Tristan,Van Haeften,tvanhaeften47@jigsy.com,Male,1753ff11-8072-42b1-9b8e-80ca3278b93a,BACHELOR OF SCIENCE IN ELECTRONICS ENGINEERING HONOURS  (ELECTRICAL),Etosha Secondary School,8/26/2023,
153,Boony,Bulbeck,bbulbeck48@indiegogo.com,Male,d45fd5ad-70e9-4db9-ac1b-5a8e409ccbef,DIPLOMA IN WATER RESOURCES MANAGEMENT,Academia Secondary School,7/21/2023,
154,Caz,Giovannini,cgiovannini49@sourceforge.net,Male,b6fca99d-519f-4887-9a4f-bb197840c5f9,BACHELOR IN BUSINESS ADMINISTRATION,J. G. van der Wath Secondary School,4/12/2023,
155,Lela,Hendrich,lhendrich4a@deviantart.com,Female,f3bd7b7e-487f-4fa0-9118-84ed8b2c460d,BACHELOR IN HUMAN RESOURCE MANAGEMENT,Etosha Secondary School,8/25/2024,
156,Mercie,Trevithick,mtrevithick4b@mozilla.org,Female,24f63f86-3e6b-489f-845f-9669b71f64d2,DIPLOMA IN WATER RESOURCES MANAGEMENT,A. Shipena Secondary School,11/3/2024,
157,Stanislaus,Bayliss,sbayliss4c@rambler.ru,Male,260a972f-bc1e-4787-877b-ccd04ef920b7,BACHELOR IN NURSING HONOURS,Hochland High School,3/9/2023,
158,Lorita,Hendrickson,lhendrickson4d@symantec.com,Female,931b0574-6c10-4402-8da5-76956d829e75,MASTER IN PUBLIC POLICY AND MANAGEMENT,Academia Secondary School,11/30/2024,
159,Sheffield,Deegin,sdeegin4e@cdc.gov,Male,12335238-9947-4ada-8ee6-4af3e6a3e7f3,BACHELOR IN NURSING HONOURS,Academia Secondary School,10/18/2024,
160,Bryana,Dorr,bdorr4f@home.pl,Female,ee4c4d43-3bfc-470f-ba71-7546494166d8,BACHELOR OF SCIENCE IN ELECTRONICS ENGINEERING HONOURS  (ELECTRICAL),A. Shipena Secondary School,7/7/2024,
161,Cullan,Grishakov,cgrishakov4g@flickr.com,Genderqueer,6efe4db5-938d-4dc5-85d8-b611e69d528a,BACHELOR IN BUSINESS ADMINISTRATION,J. G. van der Wath Secondary School,9/24/2023,
162,Marita,Sawford,msawford4h@4shared.com,Female,d8f57518-d56e-429f-b96e-e4a1ba5694f4,BACHELOR IN BUSINESS ADMINISTRATION,Etosha Secondary School,9/9/2023,
163,Alvie,Lambin,alambin4i@uiuc.edu,Male,3e7d8e03-9763-4b6c-9031-6f68a4e54338,BACHELOR IN BUSINESS ADMINISTRATION,A. Shipena Secondary School,3/23/2023,
164,Dorothy,Size,dsize4j@ehow.com,Female,c32a60c7-c51c-4f01-828c-aeea184a4ede,BACHELOR IN BUSINESS ADMINISTRATION,Etosha Secondary School,2/3/2023,
165,Ynez,Kinsell,ykinsell4k@cbslocal.com,Female,d6f161a1-eb6b-41d2-ba5e-b6b10d149709,MASTER IN PUBLIC POLICY AND MANAGEMENT,Etosha Secondary School,7/18/2023,
166,Pietro,Schenkel,pschenkel4l@fc2.com,Male,d45de501-d05b-4a5c-8d37-d36f28218327,BACHELOR OF SCIENCE IN ELECTRONICS ENGINEERING HONOURS  (ELECTRICAL),Hochland High School,10/30/2024,
167,Emmaline,Thrustle,ethrustle4m@weibo.com,Female,4938fdfe-be82-490b-8b6a-e0e38e4aa0e7,BACHELOR IN NURSING HONOURS,Hochland High School,8/3/2023,2023
168,Brana,Barford,bbarford4n@thetimes.co.uk,Agender,24318368-e6a3-4d4e-8506-98092eb85ece,BACHELOR IN HUMAN RESOURCE MANAGEMENT,Etosha Secondary School,2/9/2023,
169,Reg,Monkton,,Male,53ebbef8-f55c-4bf0-aeb2-75157a380037,BACHELOR OF SCIENCE IN ELECTRONICS ENGINEERING HONOURS  (ELECTRICAL),Etosha Secondary School,3/1/2023,
170,Ursulina,Jex,,Female,d21ca6e0-ecfe-4b81-9fcc-57d7db1941f3,BACHELOR IN BUSINESS ADMINISTRATION,Etosha Secondary School,11/11/2023,
171,Del,Comfort,dcomfort4q@privacy.gov.au,Female,df3fd638-a63f-4393-846e-a878702e5a68,BACHELOR IN HUMAN RESOURCE MANAGEMENT,A. Shipena Secondary School,4/17/2024,
172,Donnie,Atchly,datchly4r@vimeo.com,Genderqueer,9357ace0-5923-475c-8b8d-2f5c354b8f05,BACHELOR OF SCIENCE IN ELECTRONICS ENGINEERING HONOURS  (ELECTRICAL),Holy Cross Convent School,11/7/2023,
173,Carolann,Segoe,,Polygender,c554ec28-c012-407b-9f03-94d17fd00b91,DIPLOMA IN WATER RESOURCES MANAGEMENT,A. Shipena Secondary School,8/19/2023,
174,Rae,Barrasse,rbarrasse4t@pbs.org,Female,5a770afa-1f7d-4836-9ded-e5b4a6c05194,BACHELOR IN BUSINESS ADMINISTRATION,Hochland High School,2/18/2023,
175,Jens,Quakley,jquakley4u@flickr.com,Male,7e2d6553-60d1-4f4b-ad63-ec4522429699,BACHELOR IN BUSINESS ADMINISTRATION,Hochland High School,3/8/2023,
176,Carol,Hearle,chearle4v@amazonaws.com,Female,4126bd58-e554-4fc2-b3a1-fc4f328fb7e8,MASTER IN PUBLIC POLICY AND MANAGEMENT,J. G. van der Wath Secondary School,2/2/2024,
177,Allene,Gellett,agellett4w@si.edu,Female,c1eafb25-c85c-4d8d-baad-57caedef230a,BACHELOR IN NURSING HONOURS,Academia Secondary School,4/26/2024,
178,Biddie,Maytum,bmaytum4x@smugmug.com,Female,040c9462-e0d3-497c-995f-feef061a6a31,BACHELOR IN BUSINESS ADMINISTRATION,Holy Cross Convent School,10/16/2023,
179,Melisse,Cyphus,mcyphus4y@google.nl,Female,be97837e-3be0-4abd-907b-3e31c27b07f0,DIPLOMA IN WATER RESOURCES MANAGEMENT,Academia Secondary School,4/19/2024,
180,Dalton,Willard,dwillard4z@hud.gov,Male,a1296f4f-4914-40eb-b152-973cac49dacf,BACHELOR OF SCIENCE IN ELECTRONICS ENGINEERING HONOURS  (ELECTRICAL),Hochland High School,10/15/2024,
181,Holly,Sarrell,hsarrell50@themeforest.net,Polygender,86c46f6d-0b25-4aed-abdc-ec6236e7ed2b,DIPLOMA IN WATER RESOURCES MANAGEMENT,J. G. van der Wath Secondary School,2/25/2024,
182,Amalie,Fancutt,afancutt51@geocities.com,Female,5f2dc0c4-4af1-4f9f-b9f5-d1af40563c6e,BACHELOR IN BUSINESS ADMINISTRATION,Holy Cross Convent School,4/7/2024,
183,Beverlie,Naismith,bnaismith52@wunderground.com,Female,c1054634-620e-472b-8821-ec16edeb4b8d,BACHELOR IN NURSING HONOURS,J. G. van der Wath Secondary School,2/15/2024,
184,Rudolfo,Kochl,rkochl53@deviantart.com,Male,adcb32b3-b7ab-478d-93d8-de49464984b2,BACHELOR OF SCIENCE IN ELECTRONICS ENGINEERING HONOURS  (ELECTRICAL),Hochland High School,6/19/2023,
185,Sondra,De Winton,sdewinton54@microsoft.com,Female,c25d05e2-5ac3-4337-aba1-f95112e43c8f,BACHELOR OF SCIENCE IN ELECTRONICS ENGINEERING HONOURS  (ELECTRICAL),Hochland High School,1/11/2024,
186,Ashil,Hearson,,Bigender,a2eecf16-41c1-4019-bb8f-86831f5fa116,DIPLOMA IN WATER RESOURCES MANAGEMENT,Holy Cross Convent School,1/7/2025,
187,Eugene,Pennazzi,epennazzi56@surveymonkey.com,Male,0480bc54-087d-4188-a40a-e313839265ba,BACHELOR IN BUSINESS ADMINISTRATION,Academia Secondary School,5/28/2023,
188,Siobhan,Janca,,Female,d48c25e7-fc2b-4520-92a6-fd967dd27e1a,BACHELOR IN BUSINESS ADMINISTRATION,Holy Cross Convent School,4/4/2023,
189,Nigel,Jewer,njewer58@yandex.ru,Male,226f9254-d011-447a-867b-cf5e471c0193,BACHELOR OF SCIENCE IN ELECTRONICS ENGINEERING HONOURS  (ELECTRICAL),Holy Cross Convent School,4/5/2023,
190,Helge,Cisco,hcisco59@theglobeandmail.com,Female,158adbc8-69d1-4545-b360-23a4890ab752,BACHELOR OF SCIENCE IN ELECTRONICS ENGINEERING HONOURS  (ELECTRICAL),Etosha Secondary School,12/18/2023,
191,Ardelis,Haversum,ahaversum5a@auda.org.au,Female,dd1b7b7c-61bb-4ca5-8840-39cee0df107c,BACHELOR IN HUMAN RESOURCE MANAGEMENT,J. G. van der Wath Secondary School,3/21/2024,
192,Bale,Mechell,bmechell5b@smh.com.au,Male,51e166a0-f0d1-447c-85da-259d30b4293a,MASTER IN PUBLIC POLICY AND MANAGEMENT,Hochland High School,9/2/2023,
193,Aldin,Barthelet,abarthelet5c@cisco.com,Male,4de52d53-9a6e-45e2-be45-f70264088769,BACHELOR OF SCIENCE IN ELECTRONICS ENGINEERING HONOURS  (ELECTRICAL),Holy Cross Convent School,1/22/2024,
194,Jobina,Robertet,jrobertet5d@miitbeian.gov.cn,Female,33eb58b4-bec5-4cd3-bdfa-b58273beb113,BACHELOR OF SCIENCE IN ELECTRONICS ENGINEERING HONOURS  (ELECTRICAL),Holy Cross Convent School,6/2/2023,
195,Mattie,McDavid,mmcdavid5e@reverbnation.com,Female,578fa491-ad76-4f0c-a89e-944329e1921e,MASTER IN PUBLIC POLICY AND MANAGEMENT,J. G. van der Wath Secondary School,7/11/2024,
196,Abigale,Westcarr,awestcarr5f@deviantart.com,Female,8ea4ce30-787e-4141-a498-2bf2554d65f0,DIPLOMA IN WATER RESOURCES MANAGEMENT,J. G. van der Wath Secondary School,3/12/2024,
197,Collete,Hutchins,chutchins5g@gov.uk,Female,82086f45-c8cb-454e-9160-0fafef841a15,BACHELOR IN NURSING HONOURS,Holy Cross Convent School,4/1/2024,
198,Kristian,Dimitriades,,Male,bcc1dc7e-d208-4f4c-b0dc-1e0dff20781e,BACHELOR IN NURSING HONOURS,Etosha Secondary School,7/30/2024,
199,Simone,Realy,,Female,72a4f40a-a7e3-4ca0-b178-b0fea0e96428,MASTER IN PUBLIC POLICY AND MANAGEMENT,A. Shipena Secondary School,9/16/2024,
200,Keven,Leeder,kleeder5j@timesonline.co.uk,Male,48e8d936-d859-4a6d-a25b-bee4bf75f396,MASTER IN PUBLIC POLICY AND MANAGEMENT,Etosha Secondary School,7/24/2024,
201,Jerrine,Rumbelow,,Female,9461233a-9a81-4bd2-a368-3a2c49315949,BACHELOR IN BUSINESS ADMINISTRATION,Etosha Secondary School,10/12/2024,
202,Harry,Bonifazio,,Male,ec0c6082-ac8c-4e82-af46-8d5fe6c0ef15,BACHELOR IN NURSING HONOURS,Etosha Secondary School,8/28/2023,
203,Vanna,Paris,,Female,74992b88-74bf-4a32-9c96-f4b4b841adca,BACHELOR IN NURSING HONOURS,Etosha Secondary School,12/28/2024,
204,Zeb,Ainsworth,,Male,6f0f9b22-60e5-4e96-91f8-83c9963ca65c,BACHELOR OF SCIENCE IN ELECTRONICS ENGINEERING HONOURS  (ELECTRICAL),Academia Secondary School,9/28/2024,
205,Josephine,Burdass,,Bigender,e7288315-5996-4114-9f36-46675c446bad,DIPLOMA IN WATER RESOURCES MANAGEMENT,Hochland High School,5/25/2024,
206,Araldo,Folan,afolan5p@alibaba.com,Male,9c8d0b49-2791-416d-ad84-4cda60bace00,MASTER IN PUBLIC POLICY AND MANAGEMENT,Holy Cross Convent School,1/25/2024,
207,Prentiss,Barhems,pbarhems5q@google.fr,Male,97b50124-5ab1-4d0e-826d-23baa36f3f55,BACHELOR IN BUSINESS ADMINISTRATION,Hochland High School,7/15/2024,
208,Charmian,McNirlin,,Female,2a48d7f8-5c2a-44a6-b5ad-c016cee837cd,BACHELOR IN NURSING HONOURS,J. G. van der Wath Secondary School,7/18/2023,
209,Elenore,Wallbutton,ewallbutton5s@go.com,Female,f41fd28e-4d4e-4b2c-b964-f271a1b91943,BACHELOR IN HUMAN RESOURCE MANAGEMENT,Hochland High School,9/4/2023,
210,Cecilio,Carme,,Male,20b9fac6-12fe-420d-8db0-c1cc52dbfabc,DIPLOMA IN WATER RESOURCES MANAGEMENT,Holy Cross Convent School,3/28/2023,
211,Romeo,Heibl,rheibl5u@sogou.com,Agender,ee95322c-1ca9-40c8-b990-f083a8a391fd,BACHELOR IN HUMAN RESOURCE MANAGEMENT,Holy Cross Convent School,6/10/2024,
212,Nathanil,Bardwall,nbardwall5v@google.com.hk,Male,96c85610-1454-4f46-8e58-dd4003eb476e,BACHELOR IN HUMAN RESOURCE MANAGEMENT,Etosha Secondary School,3/9/2024,
213,Vina,Brogioni,vbrogioni5w@nhs.uk,Genderqueer,18607e60-5ea7-404b-a9ed-9a2da4739bff,BACHELOR IN HUMAN RESOURCE MANAGEMENT,J. G. van der Wath Secondary School,8/28/2024,
214,Hermann,Le Franc,hlefranc5x@slate.com,Genderfluid,014b3cae-109c-42f9-9d90-0d9e41fe8044,BACHELOR IN HUMAN RESOURCE MANAGEMENT,J. G. van der Wath Secondary School,10/15/2023,
215,Loutitia,Scatcher,lscatcher5y@is.gd,Female,346b3452-b07c-435a-a4e7-d2047b7c60e0,MASTER IN PUBLIC POLICY AND MANAGEMENT,Academia Secondary School,10/13/2024,2024
216,Britni,Muldowney,bmuldowney5z@seattletimes.com,Agender,241a689e-3d7d-4961-8773-dd893a59532e,BACHELOR IN NURSING HONOURS,J. G. van der Wath Secondary School,4/11/2023,
217,Huey,Creagh,,Male,1f65e119-b8d3-49a3-af6d-45f6d3f47c0a,DIPLOMA IN WATER RESOURCES MANAGEMENT,Academia Secondary School,1/1/2024,
218,Merill,Nozzolinii,mnozzolinii61@discovery.com,Male,d3ef29d9-e531-4b12-9135-ef5e98eceabb,BACHELOR OF SCIENCE IN ELECTRONICS ENGINEERING HONOURS  (ELECTRICAL),Academia Secondary School,5/19/2023,
219,Noel,Atcherley,natcherley62@studiopress.com,Male,df4812cb-06a1-4517-801f-79d1c3ae0e98,MASTER IN PUBLIC POLICY AND MANAGEMENT,Etosha Secondary School,6/20/2023,
220,Lusa,Moiser,lmoiser63@howstuffworks.com,Polygender,e0fc7eb9-69d0-42d3-94e3-f460ae3ab900,BACHELOR IN NURSING HONOURS,Hochland High School,4/26/2023,
221,Ollie,Caush,,Male,8561fe17-2cc4-4b6a-bcac-d9e36a56357b,DIPLOMA IN WATER RESOURCES MANAGEMENT,Etosha Secondary School,1/27/2025,
222,Elna,Stainfield,estainfield65@time.com,Female,3cc84b02-dc52-4d91-989f-221ef5f95703,MASTER IN PUBLIC POLICY AND MANAGEMENT,Academia Secondary School,6/23/2024,
223,Arlen,Brugmann,abrugmann66@bigcartel.com,Bigender,d8196a7c-dffc-4f3d-afa4-fd8773e6ca39,BACHELOR IN BUSINESS ADMINISTRATION,Hochland High School,8/8/2023,
224,Torrey,Georgievski,tgeorgievski67@barnesandnoble.com,Male,330485c6-e301-4661-80d4-6332ffd1bdce,DIPLOMA IN WATER RESOURCES MANAGEMENT,Etosha Secondary School,11/27/2023,
225,Cosetta,Bayley,cbayley68@slashdot.org,Female,a8969d89-2d63-420b-8a4c-214e4d30cf48,MASTER IN PUBLIC POLICY AND MANAGEMENT,Holy Cross Convent School,10/2/2024,
226,Etienne,Leverington,,Male,3fd946eb-c778-441b-bbc3-5443bf8c3992,BACHELOR OF SCIENCE IN ELECTRONICS ENGINEERING HONOURS  (ELECTRICAL),Academia Secondary School,3/5/2024,
227,Trina,Haffner,,Female,a4b915f1-528d-4040-b1a8-749c4936da30,BACHELOR IN HUMAN RESOURCE MANAGEMENT,Holy Cross Convent School,5/14/2024,
228,Evelin,Matthesius,ematthesius6b@cnet.com,Male,ad0fb5dc-3079-4888-a995-1929eeefc9ce,MASTER IN PUBLIC POLICY AND MANAGEMENT,J. G. van der Wath Secondary School,4/11/2024,
229,Ezechiel,McCadden,emccadden6c@csmonitor.com,Polygender,e8a607e1-a432-452e-a8f7-94aad04b1130,MASTER IN PUBLIC POLICY AND MANAGEMENT,Hochland High School,7/9/2023,
230,Petunia,Lindemann,plindemann6d@tumblr.com,Female,8d6013a3-9978-4d01-a051-0286a71700a5,BACHELOR IN NURSING HONOURS,A. Shipena Secondary School,6/18/2024,
231,Damian,Pocklington,dpocklington6e@bloglovin.com,Male,a49fb4a7-0592-4295-b936-4b07433fac8c,DIPLOMA IN WATER RESOURCES MANAGEMENT,Academia Secondary School,10/26/2024,
232,Giacinta,Godier,ggodier6f@hp.com,Genderqueer,56dd1ac1-ebcc-42d8-988a-396a0d868af6,DIPLOMA IN WATER RESOURCES MANAGEMENT,J. G. van der Wath Secondary School,4/28/2023,
233,Bernie,Bineham,bbineham6g@dailymail.co.uk,Female,59b75c1a-e3bc-4c19-9cd6-8ee281928ade,BACHELOR IN BUSINESS ADMINISTRATION,Etosha Secondary School,9/14/2023,
234,Pam,Conboy,pconboy6h@bandcamp.com,Female,d3e21020-04de-43cf-a9d8-89d9a6361d50,BACHELOR IN HUMAN RESOURCE MANAGEMENT,Academia Secondary School,5/19/2024,
235,Freddy,Pattrick,fpattrick6i@ft.com,Male,78172c9b-3aa7-47b2-acad-f2a529194b1d,DIPLOMA IN WATER RESOURCES MANAGEMENT,Holy Cross Convent School,9/29/2023,
236,Sandor,Halliwell,shalliwell6j@creativecommons.org,Male,c9c90349-1342-4b80-a8a6-5ae0feb6c85c,BACHELOR IN HUMAN RESOURCE MANAGEMENT,Etosha Secondary School,10/12/2023,
237,Amata,Betz,,Female,87ad80b2-05b7-4862-8954-2e7701acfbf8,BACHELOR IN NURSING HONOURS,A. Shipena Secondary School,4/11/2023,
238,Dina,Rivalant,drivalant6l@microsoft.com,Female,2bf88e32-866d-4a49-8715-ff6b8934c034,BACHELOR IN NURSING HONOURS,Hochland High School,2/19/2023,
239,Raquel,Halfhead,rhalfhead6m@apache.org,Female,16d948ac-d15d-4d1c-a78e-03394179500f,BACHELOR OF SCIENCE IN ELECTRONICS ENGINEERING HONOURS  (ELECTRICAL),Holy Cross Convent School,8/4/2023,
240,Frants,Flatte,,Genderfluid,152ae2e5-935d-48d4-8d7b-c4c2e1b2b1b6,BACHELOR OF SCIENCE IN ELECTRONICS ENGINEERING HONOURS  (ELECTRICAL),Academia Secondary School,1/13/2024,
241,Augie,Camelli,acamelli6o@imgur.com,Male,04de4233-461f-4cbd-a7f5-c54cd43501cc,MASTER IN PUBLIC POLICY AND MANAGEMENT,Etosha Secondary School,1/27/2025,
242,Anneliese,Yurocjhin,ayurocjhin6p@umn.edu,Female,6ae0436c-4715-4971-b853-3561e3995f2c,DIPLOMA IN WATER RESOURCES MANAGEMENT,A. Shipena Secondary School,12/2/2023,
243,Allin,Leades,,Male,d3f4bfb2-4e09-4b05-99a2-c4299dfa6a7c,BACHELOR IN NURSING HONOURS,Hochland High School,6/26/2023,
244,Merrielle,Turland,mturland6r@wunderground.com,Female,1552620d-137e-49ce-bc91-1fad3e09ee83,DIPLOMA IN WATER RESOURCES MANAGEMENT,A. Shipena Secondary School,9/18/2024,
245,Antonius,MacGarrity,amacgarrity6s@arizona.edu,Male,c5621a49-23a4-4237-83b6-024061c70f82,BACHELOR OF SCIENCE IN ELECTRONICS ENGINEERING HONOURS  (ELECTRICAL),Academia Secondary School,6/11/2023,
246,Dagny,Lidster,dlidster6t@wired.com,Male,a1d4d36a-f2bd-488c-be83-f2f6b25acacf,BACHELOR IN BUSINESS ADMINISTRATION,Etosha Secondary School,7/11/2024,
247,Coletta,Serrell,cserrell6u@cbc.ca,Female,8cdf063c-df53-48c9-b31a-a9080a511e41,DIPLOMA IN WATER RESOURCES MANAGEMENT,A. Shipena Secondary School,2/15/2023,2023
248,Laurella,Tunuy,ltunuy6v@facebook.com,Female,18f18bfb-1079-48f7-aea9-2b0ff23cb949,BACHELOR IN NURSING HONOURS,J. G. van der Wath Secondary School,7/15/2024,
249,Curr,Brosoli,cbrosoli6w@nhs.uk,Male,53de097d-4189-4122-b324-c61f199c7220,BACHELOR IN BUSINESS ADMINISTRATION,A. Shipena Secondary School,5/30/2024,
250,Loise,Pickrill,lpickrill6x@digg.com,Bigender,7c59babd-89bc-48ee-b7bb-30916c33d2d1,BACHELOR IN BUSINESS ADMINISTRATION,A. Shipena Secondary School,10/27/2024,
251,Andrea,McGrane,,Male,c4e07f69-bd8e-4671-8174-6ed9cfea3541,DIPLOMA IN WATER RESOURCES MANAGEMENT,Etosha Secondary School,5/12/2024,
252,Kristofer,Fishpoole,kfishpoole6z@businessweek.com,Male,685751b7-8b46-4a8a-b78c-0a71196c8ae6,DIPLOMA IN WATER RESOURCES MANAGEMENT,Etosha Secondary School,6/24/2023,
253,Tarah,Cron,tcron70@army.mil,Female,2b500aac-ec02-409e-aba7-2d639ddd8cc1,MASTER IN PUBLIC POLICY AND MANAGEMENT,Academia Secondary School,3/6/2024,
254,Aretha,Willishire,awillishire71@indiatimes.com,Female,4aa4da5f-63ba-43f6-ac47-12823de4bfa5,DIPLOMA IN WATER RESOURCES MANAGEMENT,Hochland High School,7/8/2024,
255,Clare,Pickersgill,cpickersgill72@unc.edu,Male,1c1d5777-8ddf-4096-8be3-0110284d009f,BACHELOR IN BUSINESS ADMINISTRATION,A. Shipena Secondary School,7/7/2024,
256,Jory,McWhannel,jmcwhannel73@addtoany.com,Male,98ac78c5-6f48-4d8a-aa18-79e1735546bc,BACHELOR IN BUSINESS ADMINISTRATION,A. Shipena Secondary School,1/15/2024,
257,Gary,Clinkard,gclinkard74@goo.ne.jp,Male,68c18202-7ba4-477a-87c2-c0c6d21e5480,BACHELOR IN BUSINESS ADMINISTRATION,Academia Secondary School,6/7/2023,
258,Ellyn,Liepmann,,Female,6e4fc9b2-a986-4e23-bae3-58d35386d75b,DIPLOMA IN WATER RESOURCES MANAGEMENT,A. Shipena Secondary School,11/5/2023,
259,Emmey,Maffucci,emaffucci76@nydailynews.com,Female,938be774-6542-455e-8cb3-3cf7ad2243da,BACHELOR IN HUMAN RESOURCE MANAGEMENT,Etosha Secondary School,5/21/2024,
260,Mari,Glassman,mglassman77@cmu.edu,Female,2c4ffad1-be5e-4006-82ae-0c978f02a290,BACHELOR OF SCIENCE IN ELECTRONICS ENGINEERING HONOURS  (ELECTRICAL),A. Shipena Secondary School,10/12/2023,
261,Atalanta,Gligoraci,agligoraci78@walmart.com,Female,748dd4b2-0576-4107-9b63-f53e5fa638dd,DIPLOMA IN WATER RESOURCES MANAGEMENT,Etosha Secondary School,11/29/2023,
262,Brynna,Measor,bmeasor79@blinklist.com,Female,757eb5be-d475-4e41-a3f2-e4084128102b,MASTER IN PUBLIC POLICY AND MANAGEMENT,J. G. van der Wath Secondary School,10/19/2023,
263,Gabe,Kynaston,,Male,f333baa3-d6e0-4f47-bb08-ad6ce0184361,BACHELOR IN NURSING HONOURS,J. G. van der Wath Secondary School,12/26/2024,
264,Rosaleen,Frostdick,rfrostdick7b@freewebs.com,Female,57f7bee8-1ae7-4c8a-9194-b0c2fd68b3bb,BACHELOR IN BUSINESS ADMINISTRATION,Hochland High School,12/9/2023,
265,Cathee,Tourot,ctourot7c@sourceforge.net,Female,0e96b416-d476-4aff-8305-2b86df7fe715,DIPLOMA IN WATER RESOURCES MANAGEMENT,Etosha Secondary School,9/30/2024,
266,Ricki,Mulcahy,rmulcahy7d@guardian.co.uk,Genderqueer,b88fb6da-501f-41b8-8829-b32c291cbafd,BACHELOR IN HUMAN RESOURCE MANAGEMENT,J. G. van der Wath Secondary School,1/25/2024,
267,Doti,Manske,dmanske7e@washingtonpost.com,Polygender,68786675-aa71-4053-94a8-b2fdadf726e2,MASTER IN PUBLIC POLICY AND MANAGEMENT,Academia Secondary School,3/18/2023,
268,Kikelia,Brunsden,kbrunsden7f@ted.com,Female,7e6787e4-51b7-4fc2-ae33-ac802764f45b,MASTER IN PUBLIC POLICY AND MANAGEMENT,Etosha Secondary School,4/22/2024,2024
269,Rickey,Poland,rpoland7g@timesonline.co.uk,Bigender,b20c60d1-6968-4a0f-8502-bea83f58001a,BACHELOR IN BUSINESS ADMINISTRATION,Hochland High School,5/24/2024,
270,Cecilio,Chamberlayne,cchamberlayne7h@dion.ne.jp,Male,7c32f5e2-6815-4c7c-bf67-adb5f97742c3,MASTER IN PUBLIC POLICY AND MANAGEMENT,Etosha Secondary School,8/4/2023,
271,Jone,Amori,jamori7i@yahoo.com,Male,5c9d2817-1499-40f1-84a9-8b69550b4b01,MASTER IN PUBLIC POLICY AND MANAGEMENT,A. Shipena Secondary School,3/5/2023,
272,Jakob,Vagges,jvagges7j@netlog.com,Male,d0d698bb-0878-45d2-bff2-831fd325a84f,BACHELOR IN HUMAN RESOURCE MANAGEMENT,A. Shipena Secondary School,8/12/2023,
273,Daven,Bryson,dbryson7k@bing.com,Male,96c4fa12-e7c9-4eb8-b731-67a85b8aa120,BACHELOR OF SCIENCE IN ELECTRONICS ENGINEERING HONOURS  (ELECTRICAL),Hochland High School,3/11/2024,
274,Arlyn,Dayborne,adayborne7l@prnewswire.com,Female,38a36b26-ccf0-4b12-9fc6-d346c710443b,BACHELOR IN HUMAN RESOURCE MANAGEMENT,J. G. van der Wath Secondary School,1/13/2024,
275,Harry,Drever,hdrever7m@lycos.com,Non-binary,0829e35a-2793-4136-bf9a-d9eb655a446f,DIPLOMA IN WATER RESOURCES MANAGEMENT,Hochland High School,3/29/2023,
276,Say,Chaddock,schaddock7n@google.es,Male,e8c4fa34-c2e7-412d-845b-af0f4ad9e6e4,BACHELOR IN HUMAN RESOURCE MANAGEMENT,Etosha Secondary School,9/24/2024,
277,Guinna,Maylor,gmaylor7o@biblegateway.com,Female,963e2a5f-bbf8-43cb-b239-9657bc305a1b,BACHELOR IN NURSING HONOURS,J. G. van der Wath Secondary School,4/13/2023,
278,Eliza,Trowel,,Female,58866624-3c53-4dbc-925f-d2bb0cd118b7,BACHELOR IN NURSING HONOURS,Hochland High School,4/24/2023,
279,Sabrina,Goudman,sgoudman7q@bizjournals.com,Female,df371340-d524-4453-ba79-5b7191bd1651,BACHELOR IN BUSINESS ADMINISTRATION,J. G. van der Wath Secondary School,2/6/2023,
280,Ronna,Duthie,rduthie7r@latimes.com,Female,66913b15-0dd7-484d-b32f-e122322494ac,BACHELOR OF SCIENCE IN ELECTRONICS ENGINEERING HONOURS  (ELECTRICAL),Hochland High School,7/28/2024,
281,Gibb,Simon,gsimon7s@pcworld.com,Male,46d01207-1962-4aa6-85e4-efe9346d039a,BACHELOR IN NURSING HONOURS,Holy Cross Convent School,5/16/2023,
282,Trisha,Paulig,tpaulig7t@epa.gov,Female,27a30aa4-1b54-46c4-bd17-b0a9702c5959,BACHELOR IN BUSINESS ADMINISTRATION,J. G. van der Wath Secondary School,11/30/2024,
283,Caldwell,Tocqueville,ctocqueville7u@bravesites.com,Male,e5f7969f-54b7-4208-bcf4-91564e9be491,BACHELOR IN HUMAN RESOURCE MANAGEMENT,Holy Cross Convent School,4/15/2024,
284,Josee,Oakinfold,joakinfold7v@nationalgeographic.com,Female,e245bd44-07f6-40b9-bdf5-693e2f8e1543,BACHELOR IN NURSING HONOURS,Holy Cross Convent School,11/4/2023,
285,Conny,Fruchon,cfruchon7w@com.com,Female,23d5e479-2a72-45a1-85b3-bd7d89dafd80,BACHELOR IN HUMAN RESOURCE MANAGEMENT,Etosha Secondary School,4/3/2023,
286,Lanny,Seagar,lseagar7x@biblegateway.com,Male,370ae34b-a0b6-4ffb-a44b-787753d3a589,BACHELOR IN NURSING HONOURS,A. Shipena Secondary School,11/21/2024,
287,Jolyn,Nower,jnower7y@house.gov,Female,c3c5df2f-57ba-445a-bb7e-38ed643a3bc6,DIPLOMA IN WATER RESOURCES MANAGEMENT,Hochland High School,11/2/2024,
288,Billie,Firmage,bfirmage7z@census.gov,Female,5beb748e-bffe-4a48-98dc-b586f47ce048,DIPLOMA IN WATER RESOURCES MANAGEMENT,A. Shipena Secondary School,9/19/2023,
289,Shea,Hammer,shammer80@boston.com,Male,3c3bc65c-0c45-4058-b064-1dc176fc799f,BACHELOR IN BUSINESS ADMINISTRATION,Etosha Secondary School,3/12/2024,
290,Xerxes,Gorriessen,xgorriessen81@bizjournals.com,Male,6440cb19-f70b-41e1-8ddd-6a4fe6ea1c07,BACHELOR IN BUSINESS ADMINISTRATION,Academia Secondary School,3/23/2024,
291,Cullen,Warburton,cwarburton82@patch.com,Male,5649e5dd-1f2a-4537-bcd5-656cdbb5d927,BACHELOR IN HUMAN RESOURCE MANAGEMENT,Holy Cross Convent School,4/27/2024,
292,Vin,Brotherwood,vbrotherwood83@reddit.com,Female,812ac3b2-3fc6-47ea-8cb5-44aed18609a3,BACHELOR IN NURSING HONOURS,J. G. van der Wath Secondary School,9/17/2023,
293,Zolly,Snelgar,zsnelgar84@uol.com.br,Male,1c25b266-ae95-4953-b8d4-0225afc3fff5,MASTER IN PUBLIC POLICY AND MANAGEMENT,Academia Secondary School,6/5/2024,
294,Jesse,Antonescu,,Female,78e12218-009a-4adf-96f3-a6b5b996f967,BACHELOR IN HUMAN RESOURCE MANAGEMENT,Etosha Secondary School,7/2/2024,
295,Madelyn,Penhallurick,mpenhallurick86@trellian.com,Female,74f4bf13-c79f-424a-943e-de0064b1ac45,BACHELOR IN NURSING HONOURS,Academia Secondary School,1/17/2025,
296,Ursala,Aldrich,ualdrich87@comcast.net,Female,a529c980-34bb-421a-abd0-6263b0b9c10c,BACHELOR IN NURSING HONOURS,Holy Cross Convent School,7/3/2024,
297,Kirstin,Webland,kwebland88@twitpic.com,Female,bb8a3b48-0902-448f-8f79-6be6eef86ada,DIPLOMA IN WATER RESOURCES MANAGEMENT,A. Shipena Secondary School,6/27/2023,
298,Mina,Agastina,magastina89@opera.com,Female,8495c8ff-c509-46ac-8b5d-1195f28bda3c,BACHELOR IN BUSINESS ADMINISTRATION,Holy Cross Convent School,9/26/2024,
299,Marla,McCrossan,mmccrossan8a@cbsnews.com,Female,1fddfe5f-ec61-422b-a554-2788e8a46085,BACHELOR OF SCIENCE IN ELECTRONICS ENGINEERING HONOURS  (ELECTRICAL),Academia Secondary School,10/16/2024,
300,Layney,Gettone,lgettone8b@google.ca,Female,5a4aaf27-2844-466f-8e53-0096e252ee2d,BACHELOR IN NURSING HONOURS,Holy Cross Convent School,5/22/2024,
301,Archer,Andries,aandries8c@paginegialle.it,Male,58856c2c-a431-4d04-98f1-53ca6e6e1853,BACHELOR IN BUSINESS ADMINISTRATION,Etosha Secondary School,7/21/2024,
302,Minni,Thurlow,mthurlow8d@cnet.com,Female,c0295134-7347-438e-a3c1-7eb31ada6656,BACHELOR OF SCIENCE IN ELECTRONICS ENGINEERING HONOURS  (ELECTRICAL),Hochland High School,4/24/2023,
303,Mandi,Skittles,mskittles8e@fotki.com,Female,ef31ba87-1f0c-4429-8a5f-666d4f416547,BACHELOR IN HUMAN RESOURCE MANAGEMENT,Hochland High School,6/22/2023,
304,Crista,Lebell,clebell8f@istockphoto.com,Female,fc1f1f8b-4962-45d8-81f7-d98779d80cd1,BACHELOR IN BUSINESS ADMINISTRATION,J. G. van der Wath Secondary School,6/7/2023,2023
305,Erroll,Leeb,eleeb8g@baidu.com,Male,4fcb5d86-9cfc-494e-abe7-03487d07751b,BACHELOR IN BUSINESS ADMINISTRATION,Hochland High School,2/22/2024,
306,Melicent,Ingrey,,Female,eb35321d-ce75-46e0-a9a4-3561253dd882,MASTER IN PUBLIC POLICY AND MANAGEMENT,Academia Secondary School,11/27/2023,
307,North,Passion,npassion8i@house.gov,Male,c6af0b3c-3228-40fc-b168-b656c431f861,BACHELOR IN NURSING HONOURS,Academia Secondary School,3/14/2023,
308,Dennison,Garnsey,dgarnsey8j@deliciousdays.com,Male,6e9e98b5-c2bf-4fec-b064-2fd87282a586,BACHELOR IN NURSING HONOURS,Etosha Secondary School,9/7/2023,
309,Allene,Furnell,,Non-binary,398bf72c-ebfc-4dd4-b0ed-5f78e95e9949,BACHELOR IN HUMAN RESOURCE MANAGEMENT,Academia Secondary School,9/17/2024,
310,Aime,Legonidec,alegonidec8l@360.cn,Genderfluid,22838985-7403-493b-a514-d8b214502703,DIPLOMA IN WATER RESOURCES MANAGEMENT,Academia Secondary School,4/5/2024,
311,Deeann,Getty,dgetty8m@paginegialle.it,Female,074307e0-3642-4b8d-808c-3d44781f09cc,MASTER IN PUBLIC POLICY AND MANAGEMENT,A. Shipena Secondary School,1/13/2025,
312,Ketty,Sexten,ksexten8n@accuweather.com,Female,8f025ca3-b5cb-42a6-ae92-0790ca5a90e1,BACHELOR IN BUSINESS ADMINISTRATION,J. G. van der Wath Secondary School,3/19/2024,
313,Juliann,Pimblett,,Female,0a6431f9-acb3-4d04-862e-139b49f0446d,BACHELOR IN HUMAN RESOURCE MANAGEMENT,Etosha Secondary School,10/26/2024,
314,Petey,Standall,pstandall8p@patch.com,Male,fe76e0bf-015d-402c-af98-31434b56e056,DIPLOMA IN WATER RESOURCES MANAGEMENT,Etosha Secondary School,10/15/2024,
315,Leigha,Shemmin,,Female,d2c07a6a-701a-460d-847e-2dac57863260,DIPLOMA IN WATER RESOURCES MANAGEMENT,J. G. van der Wath Secondary School,7/14/2024,
316,Meaghan,Cork,,Female,4045ae12-4f8e-4ff3-8617-e5dac1224691,BACHELOR OF SCIENCE IN ELECTRONICS ENGINEERING HONOURS  (ELECTRICAL),Hochland High School,11/27/2024,
317,Gerda,Wiggington,,Female,f53bff97-1414-4306-a0c0-823a2b58b51c,BACHELOR IN NURSING HONOURS,A. Shipena Secondary School,11/30/2023,
318,Paolina,Pilger,ppilger8t@ezinearticles.com,Female,734b5fd3-af97-4c34-9372-aa2d5162fa9b,BACHELOR IN NURSING HONOURS,Hochland High School,2/8/2023,
319,Cristal,Thiem,cthiem8u@yolasite.com,Female,47a6923a-fe4a-466e-bf79-4611c29ab60d,BACHELOR IN BUSINESS ADMINISTRATION,A. Shipena Secondary School,11/19/2024,
320,Fionna,Cutford,fcutford8v@loc.gov,Female,633c8545-bfe9-4b46-bb0e-e6893297ece1,BACHELOR IN NURSING HONOURS,Holy Cross Convent School,9/23/2024,
321,Harwilll,Whorton,hwhorton8w@bbb.org,Male,06f177ed-cc93-40bd-b2a0-8af180bcd3ec,BACHELOR IN NURSING HONOURS,J. G. van der Wath Secondary School,7/28/2023,
322,Gregoor,Brashier,gbrashier8x@state.gov,Male,bc0dc61c-f3dc-4ce6-96bc-08c5d3b61ff0,BACHELOR IN HUMAN RESOURCE MANAGEMENT,Academia Secondary School,8/16/2024,
323,Selestina,Calderwood,scalderwood8y@e-recht24.de,Female,ff8a328b-26a0-45ed-8987-1daeacbdd81b,BACHELOR OF SCIENCE IN ELECTRONICS ENGINEERING HONOURS  (ELECTRICAL),Academia Secondary School,2/5/2023,
324,Delcine,Rhelton,drhelton8z@shareasale.com,Female,b9f74736-f214-4733-b32b-1762ef46a3d5,BACHELOR IN NURSING HONOURS,Academia Secondary School,3/18/2023,
325,Michail,Gallemore,,Genderqueer,c337100d-89ec-40dd-a0a3-26911928153e,BACHELOR OF SCIENCE IN ELECTRONICS ENGINEERING HONOURS  (ELECTRICAL),A. Shipena Secondary School,8/30/2024,
326,Derril,Garvey,dgarvey91@ycombinator.com,Male,c2d4956a-f7f4-4e04-acac-a1125a82eb00,DIPLOMA IN WATER RESOURCES MANAGEMENT,J. G. van der Wath Secondary School,11/9/2023,
327,Billi,Whyborn,bwhyborn92@statcounter.com,Female,33378a65-f24a-43d7-bf29-9b4595ace394,BACHELOR IN NURSING HONOURS,J. G. van der Wath Secondary School,12/28/2023,
328,Celine,Nuccii,cnuccii93@oracle.com,Female,bc6931d0-13a1-4a5a-aeb5-f73747d49fbd,BACHELOR IN NURSING HONOURS,A. Shipena Secondary School,7/19/2023,
329,Marga,Zorzetti,mzorzetti94@comsenz.com,Female,429c7cc4-878c-45cd-89a2-2295ec845216,BACHELOR IN BUSINESS ADMINISTRATION,Holy Cross Convent School,4/3/2024,
330,Michal,Lifsey,mlifsey95@furl.net,Male,e9aa0801-b02a-4814-a8f1-e22d695a3655,MASTER IN PUBLIC POLICY AND MANAGEMENT,J. G. van der Wath Secondary School,6/9/2024,
331,Octavius,Silverthorn,osilverthorn96@unc.edu,Male,12f825d9-d77b-46d2-b577-7b6f6b390126,DIPLOMA IN WATER RESOURCES MANAGEMENT,Academia Secondary School,8/27/2024,
332,Lorain,Maryon,lmaryon97@gravatar.com,Female,2a80492a-a805-4c7f-9982-49297d4a6d91,BACHELOR IN HUMAN RESOURCE MANAGEMENT,Academia Secondary School,3/19/2024,
333,Ashley,Fodden,afodden98@chronoengine.com,Male,1bbc1cc8-ef1d-4e3e-9f7e-4a887bdc3cd6,MASTER IN PUBLIC POLICY AND MANAGEMENT,A. Shipena Secondary School,10/13/2024,
334,Erick,Laurisch,elaurisch99@yahoo.com,Polygender,5d5366b7-c3f5-4f71-b49a-955d4cea463d,BACHELOR IN BUSINESS ADMINISTRATION,Academia Secondary School,9/27/2023,
335,Katrinka,Terzza,kterzza9a@ebay.co.uk,Female,1433691d-a95b-4253-9e94-67e7d66157d7,BACHELOR IN BUSINESS ADMINISTRATION,Academia Secondary School,11/22/2023,
336,Roma,Durrance,,Male,26ca9e12-c2d9-49da-a96e-1d89d06a82b6,BACHELOR IN NURSING HONOURS,Holy Cross Convent School,12/20/2024,
337,Jobye,Hadlow,jhadlow9c@bloomberg.com,Female,ddcccb63-49b8-44ec-afe8-525b9cf73bf7,BACHELOR IN BUSINESS ADMINISTRATION,A. Shipena Secondary School,6/13/2024,
338,Valli,Feldklein,vfeldklein9d@webs.com,Female,aa7d96d8-daaf-415f-889c-27a3d2e5d3f9,BACHELOR OF SCIENCE IN ELECTRONICS ENGINEERING HONOURS  (ELECTRICAL),Holy Cross Convent School,4/23/2024,
339,Dorian,Hempshall,dhempshall9e@howstuffworks.com,Female,ead8f71f-b391-4bcf-aadd-a24764ac42b6,BACHELOR OF SCIENCE IN ELECTRONICS ENGINEERING HONOURS  (ELECTRICAL),Hochland High School,8/5/2024,2024
340,Selie,Brunesco,,Female,25a15fa5-8186-45d5-8015-0c53b5990e15,MASTER IN PUBLIC POLICY AND MANAGEMENT,Holy Cross Convent School,6/5/2023,
341,Viviyan,Flawith,vflawith9g@deviantart.com,Female,704eacbb-ed97-4f04-81c2-c2121e522aee,MASTER IN PUBLIC POLICY AND MANAGEMENT,Etosha Secondary School,6/22/2023,
342,Michaela,McAllaster,mmcallaster9h@paypal.com,Female,ace7da04-5148-4fd1-94b1-1cfef9a48ca9,BACHELOR IN BUSINESS ADMINISTRATION,J. G. van der Wath Secondary School,11/20/2024,
343,Lorraine,Domone,ldomone9i@angelfire.com,Female,9d54f36d-4643-4fc5-aa6f-61b5f9027664,BACHELOR IN HUMAN RESOURCE MANAGEMENT,J. G. van der Wath Secondary School,4/1/2023,
344,Candace,Reveland,,Female,9b2371d7-1078-4a9e-82aa-2db989a4aedf,BACHELOR IN BUSINESS ADMINISTRATION,A. Shipena Secondary School,6/25/2024,
345,Rice,Congreave,,Male,fb6ffc24-df2c-474b-9e00-3548553ec258,DIPLOMA IN WATER RESOURCES MANAGEMENT,A. Shipena Secondary School,10/9/2024,
346,Adriaens,Brownlow,abrownlow9l@creativecommons.org,Female,57ecf7ce-add5-410b-9f30-8d174cd00a42,DIPLOMA IN WATER RESOURCES MANAGEMENT,Etosha Secondary School,12/5/2024,
347,Phil,Zorn,pzorn9m@intel.com,Male,d7bf229b-0bb3-4ba6-a487-92245f394c30,BACHELOR OF SCIENCE IN ELECTRONICS ENGINEERING HONOURS  (ELECTRICAL),Holy Cross Convent School,2/12/2024,
348,Easter,Bond,ebond9n@epa.gov,Female,5ee6acc8-994c-4781-add2-e5dd79765272,MASTER IN PUBLIC POLICY AND MANAGEMENT,Hochland High School,5/5/2023,
349,Zachery,Moulsdale,,Male,fd8f583c-380d-4e62-952b-c62b894641d2,BACHELOR IN NURSING HONOURS,A. Shipena Secondary School,8/5/2024,
350,Joete,Wickwarth,jwickwarth9p@flickr.com,Female,fcee78cd-7411-4436-b8b0-987c67a4a49a,BACHELOR IN NURSING HONOURS,Hochland High School,2/21/2024,
351,Waylin,Harewood,,Genderfluid,18b5a1cc-3980-4a3f-94e8-7aa7e7237fb4,MASTER IN PUBLIC POLICY AND MANAGEMENT,J. G. van der Wath Secondary School,3/22/2024,
352,Lezlie,Kesten,lkesten9r@admin.ch,Female,9fcdd37d-dfe7-4229-b9b1-ab4d1e567b25,BACHELOR IN BUSINESS ADMINISTRATION,Etosha Secondary School,11/13/2024,
353,Dunstan,Bransgrove,dbransgrove9s@earthlink.net,Male,31a71978-a71a-496d-9d1d-5f968f248379,DIPLOMA IN WATER RESOURCES MANAGEMENT,Etosha Secondary School,5/13/2024,
354,Guenna,Blowfield,gblowfield9t@dion.ne.jp,Female,b9bff4ec-e4bd-48d2-ab24-c8cb65b90342,BACHELOR OF SCIENCE IN ELECTRONICS ENGINEERING HONOURS  (ELECTRICAL),Etosha Secondary School,6/4/2023,
355,Janela,Fuchs,jfuchs9u@t-online.de,Polygender,899a550e-59b6-4a6f-ac52-ae91b147c7cf,BACHELOR OF SCIENCE IN ELECTRONICS ENGINEERING HONOURS  (ELECTRICAL),Holy Cross Convent School,7/21/2023,
356,Brett,Habbes,bhabbes9v@marriott.com,Female,f7574c92-0400-4df0-a402-c431085024f5,BACHELOR IN NURSING HONOURS,Etosha Secondary School,9/5/2023,
357,Carly,Maggorini,cmaggorini9w@youku.com,Female,b60c4448-7844-45e8-9ce7-e50a966dc259,BACHELOR OF SCIENCE IN ELECTRONICS ENGINEERING HONOURS  (ELECTRICAL),A. Shipena Secondary School,12/21/2023,
358,Devonna,Keates,dkeates9x@mapy.cz,Female,3c412fad-9c0f-49b2-ae86-27c414a8b4f2,MASTER IN PUBLIC POLICY AND MANAGEMENT,Hochland High School,2/7/2023,
359,Trent,Kmiec,tkmiec9y@va.gov,Male,d2a541f6-538f-412e-a0bc-953a4276d71c,DIPLOMA IN WATER RESOURCES MANAGEMENT,Academia Secondary School,3/17/2023,
360,Edouard,Muggach,emuggach9z@indiatimes.com,Male,c65906e5-a53c-4722-b135-e74a276afbf7,BACHELOR IN BUSINESS ADMINISTRATION,A. Shipena Secondary School,3/14/2024,
361,Orton,Glasspool,,Male,e3733cd6-4d9b-463e-be51-61deec7c8c0a,BACHELOR IN HUMAN RESOURCE MANAGEMENT,Etosha Secondary School,11/2/2023,
362,Gianina,Sex,,Polygender,a44b2049-7eac-472b-8d28-fc967e12258e,BACHELOR IN HUMAN RESOURCE MANAGEMENT,J. G. van der Wath Secondary School,7/22/2023,
363,Cad,Pugh,cpugha2@blinklist.com,Male,93dc412c-40c1-4a3f-a29d-afb105047688,DIPLOMA IN WATER RESOURCES MANAGEMENT,Holy Cross Convent School,9/10/2024,
364,Cleavland,Tuffield,ctuffielda3@nytimes.com,Non-binary,cb3d4dd5-5ca6-4089-8471-ca538a475e0d,MASTER IN PUBLIC POLICY AND MANAGEMENT,Etosha Secondary School,12/28/2023,
365,Axel,McDonand,,Male,13a99d0e-3358-4b1d-8458-4aa4f332b54f,DIPLOMA IN WATER RESOURCES MANAGEMENT,Etosha Secondary School,7/22/2024,
366,Giffy,McCanny,gmccannya5@engadget.com,Male,3ba07d24-9976-4583-b793-b456b73c66b6,BACHELOR IN HUMAN RESOURCE MANAGEMENT,Etosha Secondary School,2/11/2023,
367,Ronica,de Werk,,Female,468b5982-45e8-4a25-967d-9e12420d6872,BACHELOR IN HUMAN RESOURCE MANAGEMENT,Holy Cross Convent School,9/17/2023,
368,Marmaduke,Trowell,mtrowella7@newsvine.com,Male,3feb2af5-f2de-437d-b051-43b1976ad88f,BACHELOR IN NURSING HONOURS,A. Shipena Secondary School,9/27/2024,
369,Devondra,Gregoire,dgregoirea8@blogspot.com,Female,550afbe9-7d72-49bc-b1ba-d9a57218a16f,BACHELOR IN HUMAN RESOURCE MANAGEMENT,Holy Cross Convent School,11/29/2023,
370,Lester,Delve,ldelvea9@sfgate.com,Male,084165c1-6850-429d-96e4-b7fc7cddfeb0,BACHELOR OF SCIENCE IN ELECTRONICS ENGINEERING HONOURS  (ELECTRICAL),J. G. van der Wath Secondary School,3/8/2024,
371,Gian,Vane,gvaneaa@t-online.de,Male,cb46eba7-3735-418c-a7de-320e38e78f19,BACHELOR OF SCIENCE IN ELECTRONICS ENGINEERING HONOURS  (ELECTRICAL),A. Shipena Secondary School,7/10/2023,
372,Nowell,Ainsworth,nainsworthab@cocolog-nifty.com,Male,ceb99995-04bf-445c-b5cc-9a5451bc3409,BACHELOR IN NURSING HONOURS,Holy Cross Convent School,6/21/2023,
373,Marcelle,Bolens,mbolensac@studiopress.com,Female,81c670cf-6e2f-4a3e-889b-b23bdb4d5398,BACHELOR IN HUMAN RESOURCE MANAGEMENT,Etosha Secondary School,1/17/2024,
374,Rosemary,Preene,rpreenead@360.cn,Female,39c23dac-3fef-4bf0-aff3-16c55b83e136,BACHELOR OF SCIENCE IN ELECTRONICS ENGINEERING HONOURS  (ELECTRICAL),Hochland High School,2/8/2023,
375,Tessy,Kemm,,Female,384fec68-9a3d-4dab-9142-f64ff2290188,DIPLOMA IN WATER RESOURCES MANAGEMENT,Holy Cross Convent School,1/11/2024,
376,Christan,Hazlehurst,chazlehurstaf@webmd.com,Female,6bc703f8-47cd-486e-adfd-d37f4243b810,BACHELOR IN BUSINESS ADMINISTRATION,Hochland High School,10/8/2024,
377,Cyndie,Ackermann,,Female,02ed55e2-55e3-4dd0-bd6d-87170dce946a,BACHELOR IN HUMAN RESOURCE MANAGEMENT,Etosha Secondary School,5/13/2023,2023
378,Bobine,Chrishop,bchrishopah@ameblo.jp,Female,8d397e42-3d6a-4780-8212-2b0c5d773972,BACHELOR IN BUSINESS ADMINISTRATION,Etosha Secondary School,11/16/2023,
379,Ania,MacCorley,amaccorleyai@storify.com,Female,357aeab2-e90d-49b7-ae5c-e3021de6f677,DIPLOMA IN WATER RESOURCES MANAGEMENT,Etosha Secondary School,5/1/2024,
380,Jacklin,Phelipeau,,Female,b9e20bd1-69c2-487b-80c5-8586f691b615,BACHELOR IN NURSING HONOURS,Holy Cross Convent School,1/19/2024,
381,Filip,Pudan,fpudanak@scribd.com,Bigender,d327d59c-b926-4845-80ef-66e8b23dd856,BACHELOR IN HUMAN RESOURCE MANAGEMENT,Etosha Secondary School,11/16/2023,
382,Udell,Gummory,ugummoryal@amazon.co.jp,Male,d350e49e-799a-4233-87c8-6e26c61cc459,MASTER IN PUBLIC POLICY AND MANAGEMENT,Holy Cross Convent School,11/21/2023,
383,Oralle,Ginner,,Female,7ff97b6c-3bdb-423d-bc52-603e52670dd5,BACHELOR IN BUSINESS ADMINISTRATION,Etosha Secondary School,6/6/2024,
384,Sonnnie,Luggar,sluggaran@hatena.ne.jp,Female,53ebed19-e1ab-473c-a4b1-177fe4f433a4,DIPLOMA IN WATER RESOURCES MANAGEMENT,Holy Cross Convent School,10/22/2023,
385,Dominik,Blaksland,,Male,65f0566d-ef7a-4e9c-9501-7368a8d62aa6,BACHELOR OF SCIENCE IN ELECTRONICS ENGINEERING HONOURS  (ELECTRICAL),Etosha Secondary School,11/11/2023,
386,Lorain,Olkowicz,lolkowiczap@shareasale.com,Female,bd32fc0f-6d3a-4ac5-8983-9b36f68af701,DIPLOMA IN WATER RESOURCES MANAGEMENT,Etosha Secondary School,9/5/2024,
387,Marieann,Knatt,,Non-binary,9da289b5-4461-4c64-a64c-c08cc663d2ae,BACHELOR IN NURSING HONOURS,J. G. van der Wath Secondary School,5/31/2023,
388,Spike,Stopper,sstopperar@ca.gov,Male,ed0ceea6-abcd-4398-9def-64b6dbc31bc9,MASTER IN PUBLIC POLICY AND MANAGEMENT,Academia Secondary School,10/29/2024,
389,Prince,Streatfield,pstreatfieldas@paypal.com,Male,720dc457-d610-44b9-a0de-2b82381bc660,MASTER IN PUBLIC POLICY AND MANAGEMENT,Hochland High School,9/11/2024,
390,Rosamund,Capoun,rcapounat@ning.com,Female,6e1083b1-38c2-495e-9243-ec8d8d643a55,DIPLOMA IN WATER RESOURCES MANAGEMENT,J. G. van der Wath Secondary School,2/12/2023,
391,Nelly,Pleager,npleagerau@goo.ne.jp,Female,e97f4281-97e3-4e65-849e-fb78b212cb7c,BACHELOR OF SCIENCE IN ELECTRONICS ENGINEERING HONOURS  (ELECTRICAL),Etosha Secondary School,5/21/2024,
392,Lambert,Polley,lpolleyav@cyberchimps.com,Male,d6e96442-c99e-4612-bbaf-817a5de53ce2,BACHELOR IN BUSINESS ADMINISTRATION,Hochland High School,9/10/2024,
393,Shelton,Pugh,spughaw@digg.com,Male,91e1dea7-2a22-416a-af33-202d41066a01,MASTER IN PUBLIC POLICY AND MANAGEMENT,Holy Cross Convent School,5/8/2023,
394,Hilario,Spary,,Male,e4f08fe0-3228-4536-a5e7-cb07b2a1ef20,DIPLOMA IN WATER RESOURCES MANAGEMENT,A. Shipena Secondary School,8/7/2024,
395,Ogdan,Lougheid,olougheiday@irs.gov,Male,818f439d-eb86-43b2-a256-96447cf0323b,MASTER IN PUBLIC POLICY AND MANAGEMENT,Hochland High School,6/10/2024,
396,Jeanna,Farfolomeev,jfarfolomeevaz@soundcloud.com,Genderqueer,9b36e4cc-be23-4f79-8a36-5238bafe4e23,BACHELOR OF SCIENCE IN ELECTRONICS ENGINEERING HONOURS  (ELECTRICAL),Holy Cross Convent School,12/1/2024,
397,Sophie,Egleton,,Female,33923c3f-d8a3-4f93-9e52-d0001b5c7ea5,BACHELOR IN BUSINESS ADMINISTRATION,Etosha Secondary School,8/22/2023,
398,Augy,Andrick,aandrickb1@samsung.com,Male,27a0612c-8bda-4f0a-9b54-7809539161cc,BACHELOR IN NURSING HONOURS,A. Shipena Secondary School,9/4/2024,
399,Cassi,Usher,cusherb2@wufoo.com,Female,5be581f6-e870-4719-a3ae-1fc4976c4994,BACHELOR OF SCIENCE IN ELECTRONICS ENGINEERING HONOURS  (ELECTRICAL),Hochland High School,1/27/2025,
400,Marna,Kubiak,mkubiakb3@dion.ne.jp,Female,a8e5b72d-6853-42c8-aee9-e9c708ba797c,BACHELOR OF SCIENCE IN ELECTRONICS ENGINEERING HONOURS  (ELECTRICAL),A. Shipena Secondary School,6/16/2024,
401,Wayne,McGennis,wmcgennisb4@quantcast.com,Male,e7e099a8-ff7d-4b68-ab38-6c0faf31e7c4,MASTER IN PUBLIC POLICY AND MANAGEMENT,Holy Cross Convent School,12/1/2023,
402,Gabriello,Aronoff,,Male,4d99f93f-4019-4f0e-b64a-1ef570c2290c,BACHELOR IN NURSING HONOURS,Hochland High School,7/14/2024,
403,Barry,Verdie,bverdieb6@quantcast.com,Male,b2254420-ab3d-40e4-b6fb-24be157c97bc,BACHELOR IN BUSINESS ADMINISTRATION,Academia Secondary School,2/21/2024,
404,Arnie,Musicka,,Male,2d400563-4b8b-48a0-9947-d025fa2c23c1,BACHELOR IN HUMAN RESOURCE MANAGEMENT,A. Shipena Secondary School,1/19/2025,
405,Jo,Habbema,jhabbemab8@earthlink.net,Male,204c6c1f-abd8-49d2-91b6-abd7f534004e,BACHELOR OF SCIENCE IN ELECTRONICS ENGINEERING HONOURS  (ELECTRICAL),Academia Secondary School,8/10/2023,
406,Brit,Musterd,bmusterdb9@clickbank.net,Male,4df14b9b-613c-4d88-bedf-1eb7d0e5d1ce,DIPLOMA IN WATER RESOURCES MANAGEMENT,A. Shipena Secondary School,5/22/2024,
407,Base,Branton,bbrantonba@mozilla.com,Male,8f6af7ff-c1d5-42bb-9921-fa1335ac17ce,BACHELOR IN HUMAN RESOURCE MANAGEMENT,Hochland High School,4/9/2023,
408,Saunder,Kerrey,skerreybb@mysql.com,Male,277dceab-699e-44b6-8425-395da4900215,DIPLOMA IN WATER RESOURCES MANAGEMENT,Holy Cross Convent School,3/6/2024,
409,Tamqrah,Caddies,,Female,39865a19-f459-4fb7-9d33-ddf988f5da6b,MASTER IN PUBLIC POLICY AND MANAGEMENT,Holy Cross Convent School,12/22/2024,
410,Hall,Ogles,hoglesbd@booking.com,Male,27d5e970-7873-4420-bba9-c056e65b1db5,MASTER IN PUBLIC POLICY AND MANAGEMENT,J. G. van der Wath Secondary School,1/17/2024,
411,Hamel,Pylkynyton,hpylkynytonbe@wikimedia.org,Male,51c0d6ae-3b26-42e9-bdca-84f2c5d090d8,DIPLOMA IN WATER RESOURCES MANAGEMENT,Holy Cross Convent School,7/20/2023,
412,Robbie,Hardesty,rhardestybf@alibaba.com,Female,0d1b87e1-f069-4068-8b38-7784fb22b842,BACHELOR OF SCIENCE IN ELECTRONICS ENGINEERING HONOURS  (ELECTRICAL),J. G. van der Wath Secondary School,5/12/2023,
413,Dana,Nation,,Female,288baa3f-8fc2-4614-b558-892e9aadb7e2,BACHELOR IN HUMAN RESOURCE MANAGEMENT,Etosha Secondary School,1/30/2024,
414,Maressa,Van Baaren,mvanbaarenbh@chron.com,Female,a9b0d329-6d59-45c8-a776-4aca3861f564,BACHELOR IN BUSINESS ADMINISTRATION,Holy Cross Convent School,6/11/2023,
415,Timoteo,Aldis,taldisbi@hexun.com,Male,a2f15c10-7ba0-46c9-b181-ab93be4767ca,MASTER IN PUBLIC POLICY AND MANAGEMENT,A. Shipena Secondary School,5/30/2024,
416,Morgen,Rennebach,,Male,14c5b702-af72-478a-a7c9-01edc2f8cddf,BACHELOR OF SCIENCE IN ELECTRONICS ENGINEERING HONOURS  (ELECTRICAL),A. Shipena Secondary School,5/1/2023,
417,Haskell,Nangle,hnanglebk@simplemachines.org,Male,c36bfbad-33de-466f-a7e8-a425526824ba,BACHELOR IN NURSING HONOURS,Holy Cross Convent School,9/7/2023,
418,Morgun,Shotter,mshotterbl@wix.com,Male,a7378246-f0fc-4d11-8811-f6b4f5e43fdc,BACHELOR IN HUMAN RESOURCE MANAGEMENT,J. G. van der Wath Secondary School,6/26/2023,
419,Carlie,Avey,caveybm@multiply.com,Female,1e21b549-d95e-439d-a34f-77224c00eb8e,BACHELOR IN HUMAN RESOURCE MANAGEMENT,Holy Cross Convent School,2/12/2023,
420,Elberta,Sabbins,esabbinsbn@wikimedia.org,Female,75aaa15e-80c5-4786-992c-b1a45f92b38d,BACHELOR IN BUSINESS ADMINISTRATION,Holy Cross Convent School,9/23/2023,
421,Stanwood,Bosley,sbosleybo@tripadvisor.com,Male,45c3de1e-d57c-409b-9d6f-bbbbb3e8e799,BACHELOR IN NURSING HONOURS,J. G. van der Wath Secondary School,8/17/2023,
422,Elliot,Greally,egreallybp@ameblo.jp,Genderqueer,aa04bc05-0a36-438b-8fd5-29d165fc0123,BACHELOR OF SCIENCE IN ELECTRONICS ENGINEERING HONOURS  (ELECTRICAL),Etosha Secondary School,11/5/2023,
423,Adey,Ord,aordbq@quantcast.com,Female,7842d0a5-2191-4561-acca-d3252f41b7ed,MASTER IN PUBLIC POLICY AND MANAGEMENT,J. G. van der Wath Secondary School,8/24/2023,
424,Gayelord,Rubroe,grubroebr@typepad.com,Male,0e648ac0-e270-4946-ae48-82a2327ba89d,BACHELOR IN NURSING HONOURS,J. G. van der Wath Secondary School,10/10/2023,
425,Angel,Dunthorn,adunthornbs@wired.com,Male,851dbdeb-a770-4105-b67b-c80d79bd8dcf,DIPLOMA IN WATER RESOURCES MANAGEMENT,Academia Secondary School,3/14/2023,
426,Malinda,Brangan,,Female,5cb0615a-0b2f-44ff-9edd-17542d9006fd,MASTER IN PUBLIC POLICY AND MANAGEMENT,J. G. van der Wath Secondary School,4/3/2024,
427,Elka,Sarchwell,esarchwellbu@hubpages.com,Female,053299b8-de01-4605-ab8f-8daffc691c65,MASTER IN PUBLIC POLICY AND MANAGEMENT,Hochland High School,7/4/2023,2023
428,Gabie,Durling,gdurlingbv@wikimedia.org,Non-binary,dabb026e-fe0c-4b73-ab02-1323c2bcfa7a,BACHELOR IN BUSINESS ADMINISTRATION,Holy Cross Convent School,12/20/2024,
429,Fran,Bussey,fbusseybw@flavors.me,Female,e527ff93-aa7c-41fb-814a-5ac3a37167f2,BACHELOR OF SCIENCE IN ELECTRONICS ENGINEERING HONOURS  (ELECTRICAL),Hochland High School,11/29/2024,
430,Myrvyn,Philip,mphilipbx@usgs.gov,Male,b50a0d71-ab64-4cd6-be1f-a1a40d7bfaba,DIPLOMA IN WATER RESOURCES MANAGEMENT,Holy Cross Convent School,8/10/2023,
431,Stacy,Blackbourn,sblackbournby@cyberchimps.com,Male,47f911fe-b839-45d4-8ad0-681487eae1e1,BACHELOR IN BUSINESS ADMINISTRATION,Academia Secondary School,1/29/2024,
432,Vicky,Stears,vstearsbz@ox.ac.uk,Female,750d0988-e515-43bc-a833-1bb29e2e9258,BACHELOR IN NURSING HONOURS,Holy Cross Convent School,7/3/2023,
433,Rhea,Balmforth,,Female,41faee93-0bdb-40a2-99e9-bafa6fc8c318,DIPLOMA IN WATER RESOURCES MANAGEMENT,A. Shipena Secondary School,12/18/2023,
434,Clarice,MacCart,cmaccartc1@weather.com,Female,b31a1073-2f64-42b1-8c23-3a63605deb84,BACHELOR IN NURSING HONOURS,Etosha Secondary School,12/17/2023,
435,Isidro,Pitblado,ipitbladoc2@auda.org.au,Male,f9e0f76e-39e5-4aae-8a82-c53db9a6ffff,DIPLOMA IN WATER RESOURCES MANAGEMENT,Hochland High School,10/7/2023,
436,Silva,Quakley,squakleyc3@behance.net,Genderqueer,dc3785b1-c67d-41b8-9c45-26f01e53e602,BACHELOR IN HUMAN RESOURCE MANAGEMENT,A. Shipena Secondary School,2/14/2024,
437,Roberto,Gunda,rgundac4@baidu.com,Male,6984cd2e-29f1-4558-9c4a-799defec7f72,BACHELOR IN NURSING HONOURS,Holy Cross Convent School,4/10/2023,
438,Hoyt,Tiron,htironc5@google.pl,Male,e1edab58-61c5-484e-bd1a-906a5ae37980,BACHELOR IN NURSING HONOURS,Academia Secondary School,6/25/2024,
439,George,Braidford,gbraidfordc6@techcrunch.com,Male,f13a0124-4ce8-40a6-95d6-6d9c0fdfe773,BACHELOR IN HUMAN RESOURCE MANAGEMENT,Holy Cross Convent School,5/8/2024,
440,Morissa,Jenyns,,Female,ad2843b4-5e75-4d00-8ee1-edaabcc290ac,BACHELOR IN HUMAN RESOURCE MANAGEMENT,Etosha Secondary School,1/24/2025,
441,Lemmy,Dukesbury,ldukesburyc8@nifty.com,Bigender,054f8d2e-fec4-4cd6-9665-0155a9977661,MASTER IN PUBLIC POLICY AND MANAGEMENT,Hochland High School,1/9/2025,
442,Herrick,Apple,happlec9@hugedomains.com,Male,a422ede5-a874-453d-8c16-231c52f38c15,MASTER IN PUBLIC POLICY AND MANAGEMENT,Academia Secondary School,4/11/2024,
443,Joshua,Marxsen,,Male,c2de20ef-2993-41a2-b145-de17cff137dc,DIPLOMA IN WATER RESOURCES MANAGEMENT,A. Shipena Secondary School,11/26/2024,
444,Mitchael,Sollis,msolliscb@tumblr.com,Male,79f229ec-4089-41e7-b074-d5a5b7fb6e88,BACHELOR OF SCIENCE IN ELECTRONICS ENGINEERING HONOURS  (ELECTRICAL),Etosha Secondary School,3/25/2024,
445,Sanson,Origan,sorigancc@opensource.org,Male,fcb10b79-8380-4423-a3e4-14321bcb948f,BACHELOR IN HUMAN RESOURCE MANAGEMENT,Holy Cross Convent School,1/11/2025,
446,Ritchie,Gunningham,,Male,22a3d97c-7f8b-4f9c-8332-b85d2e31f20f,BACHELOR OF SCIENCE IN ELECTRONICS ENGINEERING HONOURS  (ELECTRICAL),Hochland High School,12/8/2023,
447,Vincents,Scarsbrick,vscarsbrickce@blogs.com,Bigender,61293fdc-51b4-4753-89b4-2ec0d83062f4,DIPLOMA IN WATER RESOURCES MANAGEMENT,Hochland High School,10/21/2024,
448,Bartholomeus,Ogdahl,bogdahlcf@virginia.edu,Male,3f3903dd-a3ac-4f76-b477-16d9af2882bc,BACHELOR IN HUMAN RESOURCE MANAGEMENT,J. G. van der Wath Secondary School,2/27/2023,
449,Carlita,Sebire,csebirecg@walmart.com,Female,f4829fb5-5f98-4a06-834c-fed47396bdc8,BACHELOR IN HUMAN RESOURCE MANAGEMENT,Hochland High School,6/1/2024,
450,Binny,Ryles,brylesch@printfriendly.com,Female,9fb9406a-a45c-41c2-98c7-4b5fcfbc7f44,BACHELOR IN NURSING HONOURS,Hochland High School,11/2/2024,
451,Lillian,Daykin,ldaykinci@wired.com,Female,6f1198dd-e20c-4fe6-8b60-a9ca9632053a,DIPLOMA IN WATER RESOURCES MANAGEMENT,J. G. van der Wath Secondary School,3/15/2023,
452,Blane,Lally,blallycj@xrea.com,Genderfluid,0ee3680d-4500-49d6-8078-d4a50c0f0bd4,BACHELOR IN HUMAN RESOURCE MANAGEMENT,Hochland High School,4/9/2024,
453,Uri,Potten,upottenck@parallels.com,Male,0b5d1c59-243d-4cdb-a92b-23c1aab3ebf6,BACHELOR IN NURSING HONOURS,Hochland High School,2/23/2023,
454,Staci,Masse,smassecl@friendfeed.com,Female,438af907-0725-44f7-a5e1-8711d6c4df71,MASTER IN PUBLIC POLICY AND MANAGEMENT,J. G. van der Wath Secondary School,2/22/2024,
455,Garv,Streatfield,,Male,227120eb-6799-46f7-83a3-375053234987,MASTER IN PUBLIC POLICY AND MANAGEMENT,A. Shipena Secondary School,12/11/2023,
456,Willem,Drewes,wdrewescn@hubpages.com,Male,44a64821-6a67-4d12-9b6d-d9dea4e59500,BACHELOR IN BUSINESS ADMINISTRATION,Academia Secondary School,8/10/2024,
457,Chicky,Hounson,chounsonco@drupal.org,Male,e6e52ae3-c609-4ed8-b5d7-96002988075c,BACHELOR IN NURSING HONOURS,Holy Cross Convent School,1/24/2025,
458,Son,Houlworth,shoulworthcp@wp.com,Male,22c29b2e-f362-41c9-a48e-109fcf675d9c,BACHELOR IN BUSINESS ADMINISTRATION,J. G. van der Wath Secondary School,5/1/2023,
459,Brennen,Batchellor,bbatchellorcq@biglobe.ne.jp,Male,9e104b6b-2404-473b-a2fe-d91d2a77be5b,BACHELOR OF SCIENCE IN ELECTRONICS ENGINEERING HONOURS  (ELECTRICAL),J. G. van der Wath Secondary School,8/23/2023,
460,Ky,Shillito,kshillitocr@guardian.co.uk,Male,aedef75c-e157-4e80-b7ed-54ad8e1621d3,BACHELOR OF SCIENCE IN ELECTRONICS ENGINEERING HONOURS  (ELECTRICAL),Etosha Secondary School,6/25/2024,
461,Vere,Gunbie,vgunbiecs@smugmug.com,Female,7fb0d8b7-4c7c-43c3-a3da-18156bb2ae0a,BACHELOR IN BUSINESS ADMINISTRATION,Academia Secondary School,7/3/2024,
462,Ulrikaumeko,Tincey,utinceyct@biglobe.ne.jp,Female,15e1e6cb-ce8a-49d3-a7b7-3a4a81d97094,BACHELOR IN BUSINESS ADMINISTRATION,A. Shipena Secondary School,6/2/2024,
463,Rodrique,Harriagn,,Male,242c610c-74cb-4690-a252-baad314389ee,MASTER IN PUBLIC POLICY AND MANAGEMENT,Holy Cross Convent School,6/14/2024,
464,Durante,McAusland,dmcauslandcv@jigsy.com,Male,afe01677-b313-43d2-a43a-b618d5171c28,BACHELOR IN HUMAN RESOURCE MANAGEMENT,Hochland High School,7/1/2023,
465,Ramona,Meeking,rmeekingcw@weather.com,Female,c19a5694-566d-4d44-b28b-32f334bfef0c,BACHELOR IN HUMAN RESOURCE MANAGEMENT,A. Shipena Secondary School,10/1/2024,
466,Artemas,Hankin,ahankincx@imgur.com,Male,43fcf759-3046-41ec-b39a-f5b865a883fa,BACHELOR OF SCIENCE IN ELECTRONICS ENGINEERING HONOURS  (ELECTRICAL),Etosha Secondary School,5/4/2023,
467,Sharon,Rowe,srowecy@psu.edu,Female,515a5c37-8d7f-4ee1-afa0-9fe181d11fa0,BACHELOR IN BUSINESS ADMINISTRATION,Academia Secondary School,6/16/2023,
468,Otha,Petrussi,opetrussicz@reuters.com,Female,10fd3fb8-9f62-419e-82b8-c162e82570f8,BACHELOR IN HUMAN RESOURCE MANAGEMENT,A. Shipena Secondary School,12/9/2024,
469,Eydie,Neaverson,eneaversond0@nasa.gov,Female,0048df46-dd17-4ca9-b0ff-750a90fda1a4,BACHELOR OF SCIENCE IN ELECTRONICS ENGINEERING HONOURS  (ELECTRICAL),J. G. van der Wath Secondary School,6/10/2023,
470,Mirabel,Crudge,mcrudged1@51.la,Female,9b6ac483-b90c-4ea8-a610-90c19de2bcbe,BACHELOR OF SCIENCE IN ELECTRONICS ENGINEERING HONOURS  (ELECTRICAL),J. G. van der Wath Secondary School,2/8/2024,
471,Zacharias,Rihosek,zrihosekd2@imdb.com,Male,7283d547-d930-4a18-9840-f1495040019e,BACHELOR IN HUMAN RESOURCE MANAGEMENT,Academia Secondary School,1/7/2024,
472,Elysha,Gatchel,egatcheld3@amazon.com,Bigender,5c638b0b-d420-4a7c-a6b8-11327e000494,BACHELOR IN HUMAN RESOURCE MANAGEMENT,Hochland High School,7/17/2023,
473,Maxie,Iacovone,miacovoned4@squidoo.com,Female,73be14dc-7181-4206-981b-1ebdffd0201a,BACHELOR IN BUSINESS ADMINISTRATION,Etosha Secondary School,4/19/2023,
474,Donnie,Elleray,dellerayd5@typepad.com,Female,be5d2dc6-5d87-4ccd-84e6-9cb560f3cba7,BACHELOR IN NURSING HONOURS,Holy Cross Convent School,4/5/2024,2024
475,Elicia,Crenage,ecrenaged6@nsw.gov.au,Female,6f0ea2f4-39b3-4f5c-b8dd-a2bdbdcc3957,MASTER IN PUBLIC POLICY AND MANAGEMENT,A. Shipena Secondary School,11/29/2023,
476,Germaine,Gennrich,ggennrichd7@github.com,Female,fd3b5390-f25e-4b6e-b3d0-6de143fc4cde,BACHELOR IN BUSINESS ADMINISTRATION,J. G. van der Wath Secondary School,3/3/2023,
477,Alastair,Malster,amalsterd8@tinyurl.com,Male,b3cb864a-6499-41de-9a0b-c68e73d0ed4c,MASTER IN PUBLIC POLICY AND MANAGEMENT,Hochland High School,3/3/2023,
478,Farley,Ishchenko,fishchenkod9@imageshack.us,Male,a2cbb4f8-47bd-4124-b092-4d73c5331a91,BACHELOR IN HUMAN RESOURCE MANAGEMENT,J. G. van der Wath Secondary School,5/25/2023,
479,Winnie,Woolard,,Genderfluid,a043cc4f-5ce2-40e1-9a3b-350329aadc91,BACHELOR IN BUSINESS ADMINISTRATION,A. Shipena Secondary School,12/18/2024,
480,Arabel,Matthewson,amatthewsondb@jimdo.com,Female,21a855b4-01de-4d00-b647-f01cccbffb98,DIPLOMA IN WATER RESOURCES MANAGEMENT,J. G. van der Wath Secondary School,3/31/2023,
481,Kinny,Sherer,kshererdc@msn.com,Male,55a2f58c-ab99-46e4-b674-78b513354d90,DIPLOMA IN WATER RESOURCES MANAGEMENT,Academia Secondary School,3/7/2024,
482,Angel,Roizn,aroizndd@cnn.com,Genderqueer,30d5857c-a3f4-48b9-95c7-65b28ea5e04b,BACHELOR OF SCIENCE IN ELECTRONICS ENGINEERING HONOURS  (ELECTRICAL),Etosha Secondary School,12/5/2023,
483,Jack,Turnor,,Male,ee982221-2a00-4559-8c51-47262545e204,DIPLOMA IN WATER RESOURCES MANAGEMENT,Holy Cross Convent School,7/24/2024,
484,Haskel,Akam,hakamdf@ucoz.ru,Male,ce3e0ed5-7657-4bff-a8ed-3a7e60d5aab9,BACHELOR OF SCIENCE IN ELECTRONICS ENGINEERING HONOURS  (ELECTRICAL),Hochland High School,1/24/2024,
485,Traver,Faint,tfaintdg@xing.com,Male,3a04aead-c025-417e-b73b-836096c9500b,BACHELOR IN NURSING HONOURS,J. G. van der Wath Secondary School,6/4/2023,
486,Bidget,Swindells,bswindellsdh@yandex.ru,Female,87ee2a48-c885-41f1-bb10-16951939303d,BACHELOR IN BUSINESS ADMINISTRATION,Hochland High School,12/20/2024,
487,Ciro,Colnet,ccolnetdi@themeforest.net,Male,7a1c0e4f-a66d-4aa8-a0f0-ad9ad8297fe9,BACHELOR IN HUMAN RESOURCE MANAGEMENT,Etosha Secondary School,10/12/2023,
488,Dexter,Ahlin,,Male,0be7b1e3-04fd-462c-abc2-ff41cc71f2d2,BACHELOR IN HUMAN RESOURCE MANAGEMENT,J. G. van der Wath Secondary School,3/4/2023,
489,Wade,Geertsen,wgeertsendk@google.co.jp,Male,8e88b4e6-a250-4df7-89ea-0b3266a6eb9a,BACHELOR IN NURSING HONOURS,J. G. van der Wath Secondary School,7/20/2023,
490,Ahmed,Sineath,asineathdl@google.com.au,Male,e5269488-09ce-472a-9905-536d6ebc2cba,DIPLOMA IN WATER RESOURCES MANAGEMENT,Hochland High School,5/18/2024,
491,Shannon,Thorsen,sthorsendm@engadget.com,Male,e676749b-47fb-4a3d-a7f2-660f474d4096,BACHELOR IN NURSING HONOURS,J. G. van der Wath Secondary School,3/19/2023,
492,Viva,Caherny,vcahernydn@wp.com,Bigender,529963e3-1bf4-4a19-a90d-5d2868312642,BACHELOR IN BUSINESS ADMINISTRATION,Academia Secondary School,12/8/2023,
493,Lexy,Steedman,lsteedmando@tamu.edu,Female,8544e201-3f1b-4c68-9f58-1836c9d15328,BACHELOR OF SCIENCE IN ELECTRONICS ENGINEERING HONOURS  (ELECTRICAL),Hochland High School,5/8/2023,
494,Jonell,Ruspine,jruspinedp@liveinternet.ru,Female,e0d95648-1b1f-4b14-a2d0-533bbd610bcf,BACHELOR IN BUSINESS ADMINISTRATION,A. Shipena Secondary School,4/15/2024,
495,Elmore,Coad,ecoaddq@elpais.com,Male,53a9d633-fa86-434e-ae3c-35f9d65a8019,BACHELOR IN BUSINESS ADMINISTRATION,Holy Cross Convent School,2/17/2023,
496,Quincy,Ilchuk,qilchukdr@google.com.hk,Male,9100fad7-35ab-42dd-bfd2-defbc3156e00,BACHELOR IN BUSINESS ADMINISTRATION,Academia Secondary School,7/17/2024,
497,Blanche,Rehme,brehmeds@storify.com,Female,4b52f6a2-6ca4-484a-9fd5-dd9766735d8a,BACHELOR OF SCIENCE IN ELECTRONICS ENGINEERING HONOURS  (ELECTRICAL),Hochland High School,5/29/2023,
498,Nikolaos,Pucknell,,Genderfluid,cb381fc1-bf93-4df2-a4f7-60a2940f3a9b,DIPLOMA IN WATER RESOURCES MANAGEMENT,Holy Cross Convent School,7/4/2024,
499,Walton,Lyver,wlyverdu@ft.com,Genderqueer,6aa2fd72-cbf4-48da-bf27-7f93d2cf6523,DIPLOMA IN WATER RESOURCES MANAGEMENT,J. G. van der Wath Secondary School,11/4/2024,
500,Shelley,Mulbery,smulberydv@lycos.com,Male,0e93383c-ecec-4559-b0bc-3771927087ab,MASTER IN PUBLIC POLICY AND MANAGEMENT,Holy Cross Convent School,8/8/2024,
501,Rolph,Cathery,rcatherydw@sciencedaily.com,Male,f509e215-2b7e-41a0-aef0-4d528638199a,BACHELOR IN NURSING HONOURS,A. Shipena Secondary School,8/20/2024,
502,Corella,Medendorp,cmedendorpdx@themeforest.net,Female,dce312fe-eceb-48e3-b4cb-01bab94b14c9,DIPLOMA IN WATER RESOURCES MANAGEMENT,J. G. van der Wath Secondary School,4/3/2024,
503,Hoyt,Phillcox,hphillcoxdy@wordpress.com,Male,89beff1e-b507-48e8-8e0c-41b984da0014,BACHELOR OF SCIENCE IN ELECTRONICS ENGINEERING HONOURS  (ELECTRICAL),J. G. van der Wath Secondary School,1/17/2024,
504,Tricia,Scading,tscadingdz@mlb.com,Female,90d3e0a3-9e7a-489a-9043-c1e54a09c034,BACHELOR IN NURSING HONOURS,A. Shipena Secondary School,10/2/2023,
505,Aryn,Boman,abomane0@indiegogo.com,Female,384e2f51-5c93-4f71-9c94-a4aebb3d8cb3,BACHELOR IN HUMAN RESOURCE MANAGEMENT,Hochland High School,1/30/2025,
506,Izabel,Dugald,,Genderfluid,6ef037cb-354c-42d2-9626-e0a8f5cb740b,BACHELOR OF SCIENCE IN ELECTRONICS ENGINEERING HONOURS  (ELECTRICAL),Academia Secondary School,9/20/2024,
507,Clem,Vedenichev,cvedenicheve2@vinaora.com,Male,abcdfaff-76ff-4313-bcb3-b1f863454076,MASTER IN PUBLIC POLICY AND MANAGEMENT,Holy Cross Convent School,9/25/2024,
508,Verile,Dent,,Female,b2e415ae-04d4-4cc0-a3e5-a13fcf7ac2d5,BACHELOR IN NURSING HONOURS,J. G. van der Wath Secondary School,11/26/2023,
509,Marguerite,Lemon,mlemone4@chron.com,Female,7523e911-d067-4792-8087-212287db4fe6,BACHELOR OF SCIENCE IN ELECTRONICS ENGINEERING HONOURS  (ELECTRICAL),Hochland High School,10/26/2024,
510,Leesa,Dimanche,ldimanchee5@mtv.com,Female,10ca3839-7fcc-4fdb-bcea-ae8c58d87f4c,BACHELOR IN NURSING HONOURS,A. Shipena Secondary School,4/17/2023,
511,Leif,Wrefford,lwrefforde6@weebly.com,Male,1f389463-4c1c-433d-8da6-641a123bdd86,BACHELOR IN HUMAN RESOURCE MANAGEMENT,Etosha Secondary School,8/2/2024,
512,Freemon,Erasmus,ferasmuse7@mayoclinic.com,Male,d297cd8f-725d-4f0b-a334-ba160d3eae6f,BACHELOR OF SCIENCE IN ELECTRONICS ENGINEERING HONOURS  (ELECTRICAL),A. Shipena Secondary School,6/11/2024,
513,Von,Dennerley,vdennerleye8@icq.com,Male,f8b461bb-c169-43b6-b70b-b3e0dd4dfd5e,DIPLOMA IN WATER RESOURCES MANAGEMENT,Academia Secondary School,5/6/2023,
514,Matilda,Brattell,mbrattelle9@dion.ne.jp,Female,efdd1674-d5a3-4d6e-afec-7c28d52927d5,BACHELOR IN NURSING HONOURS,J. G. van der Wath Secondary School,6/8/2024,
515,Olvan,Ralton,oraltonea@nytimes.com,Male,7d7f7590-409f-4990-81d8-a78eab897cc5,BACHELOR IN BUSINESS ADMINISTRATION,J. G. van der Wath Secondary School,8/26/2024,
516,Ardelis,Baser,abasereb@berkeley.edu,Agender,4f25af12-b00b-4457-8dfc-13450b3fbb42,BACHELOR IN HUMAN RESOURCE MANAGEMENT,Holy Cross Convent School,10/10/2024,
517,Benedict,Budgey,bbudgeyec@bluehost.com,Male,3dc8ef25-5e70-4527-8949-542572a3e852,BACHELOR IN HUMAN RESOURCE MANAGEMENT,Etosha Secondary School,4/23/2024,
518,Aurore,Wytchard,awytcharded@w3.org,Female,7fe6b569-24ce-4132-97b8-2c572457b6c2,BACHELOR IN HUMAN RESOURCE MANAGEMENT,J. G. van der Wath Secondary School,10/4/2024,
519,Shepard,Hutt,shuttee@sun.com,Male,ea6f4814-3d77-41b2-85c7-dc7bef00d74f,DIPLOMA IN WATER RESOURCES MANAGEMENT,J. G. van der Wath Secondary School,1/23/2024,
520,Pegeen,Krystek,pkrystekef@ucoz.ru,Agender,3e0c0009-154a-4b36-9c3c-c3db23d92d55,MASTER IN PUBLIC POLICY AND MANAGEMENT,Holy Cross Convent School,5/19/2024,
521,Bryn,Thew,btheweg@discovery.com,Male,8e8b015a-8ad5-4649-82f8-4ae3e126ec79,BACHELOR IN BUSINESS ADMINISTRATION,J. G. van der Wath Secondary School,7/31/2024,
522,Chandal,Aleksidze,caleksidzeeh@abc.net.au,Female,da9fe717-5a09-4a3f-82c2-da1ceea49a7a,BACHELOR IN HUMAN RESOURCE MANAGEMENT,A. Shipena Secondary School,11/25/2024,
523,Amargo,Devaney,adevaneyei@usatoday.com,Female,4ad344da-99c8-47fa-9d6b-1d6e9dd24525,BACHELOR IN BUSINESS ADMINISTRATION,J. G. van der Wath Secondary School,12/7/2023,
524,Lizette,Piel,,Female,6b41e085-21a1-4c82-bd9a-20f0c50afe99,MASTER IN PUBLIC POLICY AND MANAGEMENT,Holy Cross Convent School,4/11/2023,
525,Ashbey,Menel,amenelek@cyberchimps.com,Male,008958ac-9ddb-4114-98dd-b9e7e32e98f0,BACHELOR IN NURSING HONOURS,Hochland High School,6/11/2023,
526,Latrina,Craise,lcraiseel@alibaba.com,Female,4a45bf5a-43c2-407f-bacc-c73b284fe385,DIPLOMA IN WATER RESOURCES MANAGEMENT,A. Shipena Secondary School,10/19/2024,
527,Rowney,Keattch,rkeattchem@amazonaws.com,Male,56964292-2198-4760-ad8d-d8c64a56d5c3,BACHELOR OF SCIENCE IN ELECTRONICS ENGINEERING HONOURS  (ELECTRICAL),Academia Secondary School,5/27/2023,
528,Nobie,O'Corrin,nocorrinen@va.gov,Male,9b50fb49-4141-46b1-a3de-09ca29c6a2dc,BACHELOR IN HUMAN RESOURCE MANAGEMENT,Hochland High School,5/3/2024,
529,Donovan,Muddicliffe,dmuddicliffeeo@list-manage.com,Male,51cfb0d6-424f-4900-9cb6-e70a14f504ed,DIPLOMA IN WATER RESOURCES MANAGEMENT,A. Shipena Secondary School,3/28/2023,
530,Ulick,Bulman,ubulmanep@godaddy.com,Male,6504a011-1cc6-46d7-8038-992ec6bf0751,MASTER IN PUBLIC POLICY AND MANAGEMENT,A. Shipena Secondary School,10/14/2024,
531,Bethena,Fratczak,bfratczakeq@merriam-webster.com,Female,1221b3b1-fd30-419d-b99e-f6e84dda2750,BACHELOR IN HUMAN RESOURCE MANAGEMENT,J. G. van der Wath Secondary School,10/25/2024,
532,Lynn,Haskur,lhaskurer@geocities.jp,Female,9c20d342-3997-451d-8805-3507ef864586,BACHELOR IN HUMAN RESOURCE MANAGEMENT,J. G. van der Wath Secondary School,9/9/2023,
533,Quincey,Egdale,qegdalees@ibm.com,Male,6f597611-fc1d-42d8-9981-e7d2f36c917d,BACHELOR IN HUMAN RESOURCE MANAGEMENT,A. Shipena Secondary School,2/26/2023,
534,Selby,Aucutt,,Male,b3934f1e-ac95-4344-ab7c-4f536151cd9b,MASTER IN PUBLIC POLICY AND MANAGEMENT,Holy Cross Convent School,9/13/2024,
535,Orrin,Brace,,Male,20b06c86-5bb9-4f47-942e-24de67c0b1ab,MASTER IN PUBLIC POLICY AND MANAGEMENT,Etosha Secondary School,2/7/2024,
536,Pearla,Allicock,pallicockev@time.com,Female,157ceb1d-01c6-47f8-abb3-9d90bf797e9a,BACHELOR IN HUMAN RESOURCE MANAGEMENT,Etosha Secondary School,9/9/2023,
537,Trever,Counsell,,Male,cde015b2-042e-48b3-9b72-f48fb6b8bd98,BACHELOR IN BUSINESS ADMINISTRATION,Academia Secondary School,11/27/2024,
538,Curt,Gatlin,cgatlinex@hp.com,Male,dbffd713-93b5-4345-a31c-03b3e97703fc,BACHELOR IN HUMAN RESOURCE MANAGEMENT,Holy Cross Convent School,2/15/2023,
539,Hinze,July,,Male,fe24e3f6-89d3-4b31-a9c4-341da6543093,BACHELOR IN NURSING HONOURS,Academia Secondary School,10/6/2024,
540,Ysabel,Dalton,ydaltonez@economist.com,Female,0ac88ff7-3044-4d2d-adda-e6e1b9bde230,BACHELOR IN BUSINESS ADMINISTRATION,Hochland High School,5/19/2023,
541,Madge,Guppie,mguppief0@bloglines.com,Female,025af021-b016-496c-a9eb-173c20eea7ac,BACHELOR IN BUSINESS ADMINISTRATION,A. Shipena Secondary School,5/20/2023,
542,Annabel,Hufton,ahuftonf1@sohu.com,Female,f1d6465f-cbe2-4c66-aec1-9cab35697a06,MASTER IN PUBLIC POLICY AND MANAGEMENT,Academia Secondary School,12/6/2023,
543,Denna,Basden,dbasdenf2@mashable.com,Genderfluid,a8c6a0e1-2bc1-4c0c-9ce2-bbfa4cf9af7f,BACHELOR IN HUMAN RESOURCE MANAGEMENT,Holy Cross Convent School,7/29/2024,
544,Conroy,Raise,craisef3@quantcast.com,Male,7bc750f0-d390-4d37-b59e-b38790c0f4e3,BACHELOR IN NURSING HONOURS,Holy Cross Convent School,12/10/2024,
545,Elka,Karpov,ekarpovf4@whitehouse.gov,Female,5e25740e-d0ca-4308-8436-82551b38305d,BACHELOR IN BUSINESS ADMINISTRATION,Hochland High School,1/18/2024,
546,Sallie,Welden,sweldenf5@discovery.com,Female,822048e9-b80a-43c2-9dd9-7473d9a61a62,DIPLOMA IN WATER RESOURCES MANAGEMENT,Academia Secondary School,8/27/2023,
547,Crissy,Kleisle,ckleislef6@devhub.com,Female,c8defaf1-68aa-4cc6-a990-bd563db87a44,BACHELOR IN BUSINESS ADMINISTRATION,A. Shipena Secondary School,3/6/2024,
548,Melisa,Waslin,mwaslinf7@ycombinator.com,Female,020915a3-532f-4a31-8970-94f79c3e14fd,BACHELOR IN BUSINESS ADMINISTRATION,J. G. van der Wath Secondary School,1/11/2025,
549,Gillian,Mollene,gmollenef8@howstuffworks.com,Female,db0fb7e8-bdb8-49f5-bc51-ce627d1432c7,BACHELOR OF SCIENCE IN ELECTRONICS ENGINEERING HONOURS  (ELECTRICAL),J. G. van der Wath Secondary School,11/10/2024,
550,Sibilla,Wardel,swardelf9@tripadvisor.com,Female,cd44af8a-2768-447c-97f5-e2922f0c25aa,BACHELOR IN HUMAN RESOURCE MANAGEMENT,Etosha Secondary School,10/18/2023,
551,Pet,Taree,ptareefa@mlb.com,Female,a58dd854-a94a-4dca-85c0-e43cc31e206e,DIPLOMA IN WATER RESOURCES MANAGEMENT,Etosha Secondary School,3/18/2023,
552,Zelma,Arnaudi,zarnaudifb@51.la,Female,9e3953ee-8111-465d-bb69-07b4d3148fe1,BACHELOR IN NURSING HONOURS,Academia Secondary School,1/30/2025,
553,Ag,Maryon,amaryonfc@hexun.com,Female,21577717-8ee1-4408-b14c-291c3d28cc68,BACHELOR IN BUSINESS ADMINISTRATION,Hochland High School,11/24/2023,
554,Herby,Bubbear,hbubbearfd@hhs.gov,Male,e078faa0-7580-44ad-b673-dc533739e8dd,BACHELOR IN HUMAN RESOURCE MANAGEMENT,Etosha Secondary School,6/18/2023,
555,Boony,Duding,bdudingfe@feedburner.com,Male,0206cf35-0313-4387-8ee0-2a802a1c232b,BACHELOR OF SCIENCE IN ELECTRONICS ENGINEERING HONOURS  (ELECTRICAL),Etosha Secondary School,6/19/2023,
556,Kit,Scrivener,kscrivenerff@exblog.jp,Male,5f39c5b4-f10c-467d-9e1d-925725585fc2,BACHELOR IN HUMAN RESOURCE MANAGEMENT,Academia Secondary School,11/15/2024,
557,Park,Ballantine,pballantinefg@hostgator.com,Male,9e869aa0-971d-4c64-956c-49c61e0edb7c,DIPLOMA IN WATER RESOURCES MANAGEMENT,A. Shipena Secondary School,10/1/2023,
558,Marleen,Orbine,morbinefh@mtv.com,Female,8a8c1a64-a7e2-4bde-966e-7a1d86578ffb,BACHELOR IN BUSINESS ADMINISTRATION,J. G. van der Wath Secondary School,2/25/2024,
559,Wang,Digman,wdigmanfi@flavors.me,Male,74625892-c4a0-4a9c-bba6-ed3a0f305dc7,BACHELOR IN BUSINESS ADMINISTRATION,J. G. van der Wath Secondary School,8/20/2024,
560,Sissie,Fortnon,sfortnonfj@ezinearticles.com,Female,34124160-e091-4764-ba57-af05196df7b8,BACHELOR IN BUSINESS ADMINISTRATION,J. G. van der Wath Secondary School,11/1/2023,
561,Eulalie,Smallacombe,,Female,bc731b31-1672-4ae4-a40b-ff6da206e28c,BACHELOR IN HUMAN RESOURCE MANAGEMENT,A. Shipena Secondary School,6/25/2023,
562,Philip,Alexandrescu,palexandrescufl@taobao.com,Male,50fa8317-b690-4754-b065-1f23a8a1cd2f,DIPLOMA IN WATER RESOURCES MANAGEMENT,Academia Secondary School,11/20/2023,
563,Kala,Wrightim,kwrightimfm@fema.gov,Female,e413e00b-9499-43b5-8aaf-a123579fd49a,BACHELOR IN HUMAN RESOURCE MANAGEMENT,A. Shipena Secondary School,2/17/2024,
564,Pia,Hailwood,,Polygender,7a8ab821-0f77-4985-9821-17b940bc51ee,BACHELOR OF SCIENCE IN ELECTRONICS ENGINEERING HONOURS  (ELECTRICAL),Etosha Secondary School,8/23/2024,
565,Creigh,Gopsell,cgopsellfo@wsj.com,Male,72b869a4-1ffb-4789-8dbf-e06256e3e631,BACHELOR IN NURSING HONOURS,A. Shipena Secondary School,12/7/2024,
566,Marsiella,Wait,,Female,c47b03df-f7c5-435a-8fed-cbbdd46ba96a,BACHELOR IN NURSING HONOURS,Hochland High School,10/28/2023,
567,Filbert,Scala,,Male,2e3360cf-7ede-4084-ac80-acf24799d80e,BACHELOR IN HUMAN RESOURCE MANAGEMENT,Etosha Secondary School,6/9/2023,
568,Brewster,Bramhill,bbramhillfr@yolasite.com,Male,a9462733-f270-49e7-9062-774dd77a75de,DIPLOMA IN WATER RESOURCES MANAGEMENT,J. G. van der Wath Secondary School,12/5/2024,
569,Chelsea,Howchin,chowchinfs@unesco.org,Female,b109ed60-108c-46ad-ae7b-0e2bb404b293,MASTER IN PUBLIC POLICY AND MANAGEMENT,A. Shipena Secondary School,6/9/2023,
570,Dolph,Pybworth,dpybworthft@comsenz.com,Male,6e8987ad-e5c8-4c45-b0d2-e955ed89e957,MASTER IN PUBLIC POLICY AND MANAGEMENT,Academia Secondary School,7/28/2023,
571,Lorrayne,Driffield,ldriffieldfu@mapquest.com,Female,84e7626b-7dd2-46ea-9ec8-c8acf1a0df3a,BACHELOR OF SCIENCE IN ELECTRONICS ENGINEERING HONOURS  (ELECTRICAL),Etosha Secondary School,6/9/2023,
572,Matias,Delyth,,Male,185d4f0b-5beb-42de-8967-ec7cef5bf829,BACHELOR OF SCIENCE IN ELECTRONICS ENGINEERING HONOURS  (ELECTRICAL),Academia Secondary School,8/8/2023,
573,Omero,Rosini,,Male,ee3fe50c-4080-4524-b561-5248253e6841,MASTER IN PUBLIC POLICY AND MANAGEMENT,Holy Cross Convent School,2/22/2024,
574,Egon,Balsellie,ebalselliefx@bizjournals.com,Male,87132958-32ac-490e-94fa-10a1c4e61404,DIPLOMA IN WATER RESOURCES MANAGEMENT,A. Shipena Secondary School,7/25/2024,
575,Griff,Singers,gsingersfy@hibu.com,Male,0ffa9c24-b8b2-4180-939e-561699264ba8,BACHELOR IN HUMAN RESOURCE MANAGEMENT,J. G. van der Wath Secondary School,9/5/2023,
576,Spenser,Sayward,,Male,8d5b12c6-db77-4e62-a42e-9ca54352d685,BACHELOR IN BUSINESS ADMINISTRATION,Hochland High School,3/31/2023,
577,Fletch,Penniell,fpenniellg0@nyu.edu,Male,fc037a71-913d-4300-a188-845c330c1e09,BACHELOR IN NURSING HONOURS,A. Shipena Secondary School,3/14/2023,
578,Mikol,Cusack,,Male,d2bd8b2e-8da6-4d74-bda2-f4fd153000d3,BACHELOR IN NURSING HONOURS,Etosha Secondary School,7/16/2024,
579,Booth,Looby,bloobyg2@bbb.org,Male,1808ea01-4207-4b25-a2f4-2eec199ad46d,BACHELOR IN NURSING HONOURS,Hochland High School,4/25/2024,
580,Guss,Keinrat,gkeinratg3@java.com,Male,d19ae923-901b-4c1f-a9e7-f602a6a65003,BACHELOR IN HUMAN RESOURCE MANAGEMENT,Hochland High School,1/27/2024,
581,Eldridge,Dudman,edudmang4@ovh.net,Male,d9d473d7-323d-4b4c-98c9-093e3c4fe1c2,DIPLOMA IN WATER RESOURCES MANAGEMENT,J. G. van der Wath Secondary School,6/6/2024,
582,Nicolle,Pepperd,npepperdg5@tmall.com,Polygender,fb7bf43e-4726-4a59-8945-0b567778ab29,MASTER IN PUBLIC POLICY AND MANAGEMENT,J. G. van der Wath Secondary School,10/9/2024,
583,Currey,Howis,chowisg6@networkadvertising.org,Male,226be0f0-a160-4cda-af9d-c34030058e57,DIPLOMA IN WATER RESOURCES MANAGEMENT,J. G. van der Wath Secondary School,6/7/2024,
584,Troy,Liddicoat,tliddicoatg7@foxnews.com,Male,b585cfbc-06e7-4796-a410-7bc8abac4a2e,MASTER IN PUBLIC POLICY AND MANAGEMENT,Hochland High School,8/12/2024,
585,Burlie,Coit,bcoitg8@comcast.net,Male,b9d01dee-2d72-485a-a27b-1e4df95d5f37,BACHELOR IN NURSING HONOURS,Hochland High School,5/25/2023,
586,Cesaro,Iglesia,,Male,80e92e57-50ea-424a-ae52-a67001429910,BACHELOR IN HUMAN RESOURCE MANAGEMENT,J. G. van der Wath Secondary School,3/14/2024,
587,Amalia,Essex,aessexga@gov.uk,Female,3052c0d7-a269-4f14-903c-455f37837f8d,DIPLOMA IN WATER RESOURCES MANAGEMENT,J. G. van der Wath Secondary School,8/19/2024,
588,Georgiana,Rankcom,grankcomgb@prnewswire.com,Female,5ea22a86-cb0a-4f4d-831b-8e32cb0796d4,BACHELOR IN NURSING HONOURS,Hochland High School,10/20/2023,
589,Obadias,Amys,oamysgc@blogger.com,Male,15004dcb-553b-48ca-b33d-348338336d5d,BACHELOR IN HUMAN RESOURCE MANAGEMENT,Etosha Secondary School,10/18/2024,
590,Silva,Simukov,ssimukovgd@instagram.com,Female,90ec15c5-a350-4085-a329-b4729bcbfd95,BACHELOR OF SCIENCE IN ELECTRONICS ENGINEERING HONOURS  (ELECTRICAL),J. G. van der Wath Secondary School,9/15/2023,
591,Frederigo,Aitken,faitkenge@indiatimes.com,Male,c207d9a2-88f2-4773-9987-3fd95f8922d6,BACHELOR IN BUSINESS ADMINISTRATION,J. G. van der Wath Secondary School,10/31/2023,
592,Justino,Martynka,jmartynkagf@addthis.com,Male,4c4dac26-790e-4dc7-b7a7-610b5fd4772f,BACHELOR IN HUMAN RESOURCE MANAGEMENT,J. G. van der Wath Secondary School,9/3/2023,
593,Terrell,Whartonby,twhartonbygg@about.com,Male,574685f2-35d1-4630-96bc-ff7b2f78411e,MASTER IN PUBLIC POLICY AND MANAGEMENT,Etosha Secondary School,11/6/2024,
594,Lyndel,Mullord,,Female,891c4336-d231-4f74-a2cc-cb1b62a896d5,BACHELOR IN NURSING HONOURS,J. G. van der Wath Secondary School,7/15/2024,
595,Elane,Milburn,emilburngi@1688.com,Female,7ab372eb-3581-44af-87ee-99cff857a6b2,BACHELOR OF SCIENCE IN ELECTRONICS ENGINEERING HONOURS  (ELECTRICAL),Academia Secondary School,1/26/2025,
596,Arv,Branscombe,,Male,ba4b0e22-8f30-4afc-9814-a7b28e5b0167,MASTER IN PUBLIC POLICY AND MANAGEMENT,Holy Cross Convent School,11/22/2023,
597,Onida,Von Der Empten,ovonderemptengk@ustream.tv,Female,32e2d096-9ef2-4f64-ae51-6087229f2d8e,MASTER IN PUBLIC POLICY AND MANAGEMENT,Holy Cross Convent School,10/31/2023,
598,Edgard,Brinkler,ebrinklergl@yellowpages.com,Male,6453f047-d505-4869-a1c5-ae1fa37cfa63,BACHELOR OF SCIENCE IN ELECTRONICS ENGINEERING HONOURS  (ELECTRICAL),Academia Secondary School,3/14/2024,
599,Brigit,Petracci,bpetraccigm@chicagotribune.com,Female,f7e46d0b-23be-400e-b5ad-c78251a1a7dc,MASTER IN PUBLIC POLICY AND MANAGEMENT,J. G. van der Wath Secondary School,9/23/2024,
600,Jaquenetta,Tinghill,jtinghillgn@trellian.com,Female,7f26c598-610b-4c57-a62d-93ef6db7639c,DIPLOMA IN WATER RESOURCES MANAGEMENT,Etosha Secondary School,7/2/2023,
601,Bridie,Labden,blabdengo@nifty.com,Female,65633ae8-6a66-4117-8f65-44d169a4f31d,BACHELOR IN HUMAN RESOURCE MANAGEMENT,A. Shipena Secondary School,2/24/2024,
602,Jacki,De Bischop,jdebischopgp@google.it,Agender,e8ee1575-b058-416d-9b05-cacc1aa9d269,DIPLOMA IN WATER RESOURCES MANAGEMENT,Holy Cross Convent School,6/13/2024,
603,Concettina,Sidebotham,csidebothamgq@spiegel.de,Female,0b6bcbe3-717f-4c09-bbb2-17a1e244fa31,DIPLOMA IN WATER RESOURCES MANAGEMENT,Holy Cross Convent School,5/29/2024,
604,Ruthanne,Fickling,,Female,753e7168-608d-4856-8053-2cac88efd99f,MASTER IN PUBLIC POLICY AND MANAGEMENT,A. Shipena Secondary School,6/8/2024,
605,Minetta,Tabour,mtabourgs@ucoz.com,Female,a7ad447a-97ed-4595-9a36-d14a337ddc84,DIPLOMA IN WATER RESOURCES MANAGEMENT,Holy Cross Convent School,12/23/2023,
606,Lydia,Cawthorne,lcawthornegt@macromedia.com,Female,003fbd82-a912-4950-be2c-d93d8afff4cf,BACHELOR OF SCIENCE IN ELECTRONICS ENGINEERING HONOURS  (ELECTRICAL),Holy Cross Convent School,3/29/2024,
607,Rebecka,Devita,rdevitagu@skyrock.com,Female,99268618-3010-4115-bf2f-c952ddf2786c,BACHELOR IN HUMAN RESOURCE MANAGEMENT,Academia Secondary School,2/28/2023,
608,Sandor,Martin,smartingv@wikispaces.com,Male,d1bfcf90-405e-4198-89fb-5c490e265031,BACHELOR IN HUMAN RESOURCE MANAGEMENT,Academia Secondary School,11/27/2024,
609,Boote,Heisman,bheismangw@house.gov,Male,9a47838c-e7cf-497f-9db8-9a9c03afb21f,DIPLOMA IN WATER RESOURCES MANAGEMENT,Academia Secondary School,8/31/2023,
610,Cal,Robelin,crobelingx@surveymonkey.com,Male,1fd3b972-6adb-4e3a-90a8-5e41cb46146e,BACHELOR OF SCIENCE IN ELECTRONICS ENGINEERING HONOURS  (ELECTRICAL),A. Shipena Secondary School,1/25/2024,
611,Carmelia,Barsby,,Female,b3e119ae-97a3-4762-9dbe-8e297421e68e,DIPLOMA IN WATER RESOURCES MANAGEMENT,Academia Secondary School,7/13/2024,
612,Ingram,Hawick,ihawickgz@opensource.org,Male,5a5b784e-ad0a-42d5-abc2-c3f802562749,BACHELOR IN BUSINESS ADMINISTRATION,J. G. van der Wath Secondary School,11/14/2024,
613,Ronica,Maunder,rmaunderh0@free.fr,Genderqueer,4eb3068c-1205-437f-bc1e-52ac04543bda,BACHELOR IN NURSING HONOURS,Hochland High School,3/1/2023,
614,Crin,Blader,,Genderfluid,745bb33a-89b4-4421-9338-96ed682357b2,BACHELOR OF SCIENCE IN ELECTRONICS ENGINEERING HONOURS  (ELECTRICAL),Holy Cross Convent School,12/10/2024,
615,Mathian,Mokes,mmokesh2@themeforest.net,Genderqueer,39dcce83-8773-424c-846c-3ee6dbedb3e0,DIPLOMA IN WATER RESOURCES MANAGEMENT,Holy Cross Convent School,7/29/2024,
616,Oberon,Wem,,Male,e0c64e36-7fc8-442e-a0e6-9796090a9698,BACHELOR IN BUSINESS ADMINISTRATION,Holy Cross Convent School,5/30/2023,
617,Iorgo,Valenti,ivalentih4@indiegogo.com,Genderqueer,7fdd5307-abae-4f69-a7d0-f35dc0470d47,DIPLOMA IN WATER RESOURCES MANAGEMENT,A. Shipena Secondary School,2/23/2024,
618,Kassey,Isacke,kisackeh5@devhub.com,Polygender,7008c7a7-5653-4d67-ad82-e6d563bdab46,BACHELOR OF SCIENCE IN ELECTRONICS ENGINEERING HONOURS  (ELECTRICAL),Academia Secondary School,12/3/2023,
619,Natassia,Chaimson,nchaimsonh6@dion.ne.jp,Non-binary,3756a344-de59-4887-ab73-10bebb706b1d,BACHELOR OF SCIENCE IN ELECTRONICS ENGINEERING HONOURS  (ELECTRICAL),Holy Cross Convent School,3/29/2023,
620,Jorgan,Klaus,jklaush7@wufoo.com,Male,38d0bff5-ef5f-4f9f-9e12-ff3094a23b8e,BACHELOR IN BUSINESS ADMINISTRATION,Academia Secondary School,5/8/2023,
621,Shaine,Stegel,sstegelh8@alexa.com,Male,242f0f90-1ca3-47fb-b9f8-3ca5df991826,DIPLOMA IN WATER RESOURCES MANAGEMENT,Academia Secondary School,3/14/2024,
622,Nessi,Herrieven,,Female,3169055b-b725-4a07-ae1d-19b8383718da,DIPLOMA IN WATER RESOURCES MANAGEMENT,J. G. van der Wath Secondary School,7/13/2023,
623,Astra,Bateson,abatesonha@nifty.com,Female,14f4b1b4-e828-4211-9689-895c7ddcba12,DIPLOMA IN WATER RESOURCES MANAGEMENT,Holy Cross Convent School,12/30/2024,
624,Sancho,Letterick,sletterickhb@abc.net.au,Male,ded93de9-ddab-404e-8210-ba41b370d29c,BACHELOR IN BUSINESS ADMINISTRATION,Etosha Secondary School,6/22/2024,
625,Miriam,McCrum,,Female,7c9bf043-0b50-41c6-a3ec-00b722664103,DIPLOMA IN WATER RESOURCES MANAGEMENT,Etosha Secondary School,12/9/2024,
626,Pauli,Limon,,Female,4b034eca-44ac-4340-bc62-885271abf9ad,MASTER IN PUBLIC POLICY AND MANAGEMENT,A. Shipena Secondary School,5/2/2023,
627,Stuart,Gopsell,sgopsellhe@google.nl,Male,becd06c8-5013-426e-879a-f58479b9176e,BACHELOR IN BUSINESS ADMINISTRATION,J. G. van der Wath Secondary School,9/26/2023,
628,Oswell,William,,Male,49dae499-1ab2-4fd8-9abb-086580a868fa,BACHELOR OF SCIENCE IN ELECTRONICS ENGINEERING HONOURS  (ELECTRICAL),A. Shipena Secondary School,6/11/2024,
629,Alphonse,Dorricott,,Male,83aee082-ffdc-40b2-a9fb-7e30c83105d7,BACHELOR OF SCIENCE IN ELECTRONICS ENGINEERING HONOURS  (ELECTRICAL),Hochland High School,8/3/2023,
630,Sam,MacGibbon,smacgibbonhh@usa.gov,Male,6d4db539-0fc6-4feb-a2aa-3f3dcef34242,MASTER IN PUBLIC POLICY AND MANAGEMENT,Hochland High School,4/11/2023,
631,Ethelred,Beetham,,Male,7aabe9fd-6d00-4706-a535-ea13362a81ac,DIPLOMA IN WATER RESOURCES MANAGEMENT,Academia Secondary School,3/8/2023,
632,Yehudit,Arnholtz,yarnholtzhj@scientificamerican.com,Male,247b8f91-90ad-4b08-a9ef-62ecc2666e01,BACHELOR IN HUMAN RESOURCE MANAGEMENT,A. Shipena Secondary School,1/16/2024,
633,Saunder,Chesnut,schesnuthk@issuu.com,Male,16f8434f-a081-48c3-8836-868d2f1d9187,BACHELOR IN NURSING HONOURS,Etosha Secondary School,2/16/2024,
634,Tomasine,Bolam,tbolamhl@economist.com,Female,f120ee23-9bf2-4023-891b-e028d423ac2e,BACHELOR IN BUSINESS ADMINISTRATION,J. G. van der Wath Secondary School,1/10/2024,
635,Gilligan,Rehor,,Female,3cbe05d1-4c04-454f-950d-c06942736b8f,BACHELOR IN NURSING HONOURS,Hochland High School,9/28/2023,
636,Powell,Pallin,ppallinhn@ox.ac.uk,Male,cdf48936-58b5-4917-ace1-cc5d2a532155,BACHELOR OF SCIENCE IN ELECTRONICS ENGINEERING HONOURS  (ELECTRICAL),J. G. van der Wath Secondary School,6/17/2023,
637,Pacorro,Bonehill,pbonehillho@goodreads.com,Polygender,33e7232e-c4d6-4c27-ac42-936b7304e8ac,BACHELOR IN NURSING HONOURS,Academia Secondary School,3/28/2024,
638,Callean,Kilroy,ckilroyhp@furl.net,Genderfluid,f1ac8936-6674-4a73-910c-bdaaea331010,BACHELOR IN HUMAN RESOURCE MANAGEMENT,Holy Cross Convent School,5/4/2023,
639,Durward,Girdwood,dgirdwoodhq@gmpg.org,Male,a29d28f0-db18-461e-a15e-aac415b41a0c,DIPLOMA IN WATER RESOURCES MANAGEMENT,A. Shipena Secondary School,9/7/2024,
640,Ange,Urion,,Male,56afd021-f943-4037-b209-34e1962f178e,DIPLOMA IN WATER RESOURCES MANAGEMENT,J. G. van der Wath Secondary School,6/16/2023,
641,Delmore,Theunissen,dtheunissenhs@webmd.com,Male,27f3c860-d87a-4690-b417-9cb4aec8211d,BACHELOR IN BUSINESS ADMINISTRATION,Hochland High School,4/7/2024,
642,Terry,Figin,tfiginht@macromedia.com,Male,862d2ccb-7932-436a-94fa-77d842432770,BACHELOR OF SCIENCE IN ELECTRONICS ENGINEERING HONOURS  (ELECTRICAL),Hochland High School,5/6/2023,
643,Dmitri,McGiff,dmcgiffhu@php.net,Polygender,2a812b1b-7401-499e-852d-23ced32a2ab0,DIPLOMA IN WATER RESOURCES MANAGEMENT,J. G. van der Wath Secondary School,11/15/2024,
644,Jackson,O'Crowley,,Male,387f23f6-23ab-4c64-9c8d-ac90c1f3d3b9,BACHELOR IN HUMAN RESOURCE MANAGEMENT,A. Shipena Secondary School,4/1/2024,
645,Brenn,Hunnisett,bhunnisetthw@google.nl,Female,3fef1d86-1308-4330-b0c7-d1d2289b21ae,BACHELOR IN BUSINESS ADMINISTRATION,Holy Cross Convent School,3/27/2023,
646,Dorrie,Mugleston,dmuglestonhx@ow.ly,Female,321e0f78-0b4a-4f2d-b322-dd127719c4d0,BACHELOR IN BUSINESS ADMINISTRATION,Hochland High School,1/23/2024,
647,Rodolph,Predohl,rpredohlhy@admin.ch,Male,4d0b96c4-40af-4082-a5d7-50b7a0c9716e,DIPLOMA IN WATER RESOURCES MANAGEMENT,Holy Cross Convent School,11/28/2024,
648,Geraldine,Sage,,Female,b7e6435f-ba18-4db5-afc6-4a373ee6c1c4,BACHELOR OF SCIENCE IN ELECTRONICS ENGINEERING HONOURS  (ELECTRICAL),Etosha Secondary School,3/25/2023,
649,Inna,Peat,ipeati0@ask.com,Female,d236ae63-c3c2-464a-8e58-95afa48ce569,BACHELOR IN HUMAN RESOURCE MANAGEMENT,J. G. van der Wath Secondary School,9/30/2024,
650,Brendin,Week,,Male,e1470c14-3f28-4f7a-adbb-cd600717e46a,BACHELOR IN NURSING HONOURS,Academia Secondary School,9/10/2024,
651,Luca,Lewerenz,llewerenzi2@illinois.edu,Male,aeade373-7e92-497e-a881-97397ba0092c,DIPLOMA IN WATER RESOURCES MANAGEMENT,Holy Cross Convent School,9/15/2024,
652,Catherine,Murton,cmurtoni3@berkeley.edu,Female,df1d0fc2-e44b-45c6-90c5-f4e50f249587,DIPLOMA IN WATER RESOURCES MANAGEMENT,Etosha Secondary School,1/9/2025,
653,Lodovico,Sudworth,lsudworthi4@mtv.com,Male,a7aeb7e9-3dbd-4637-ae8a-5b8af22b41f7,MASTER IN PUBLIC POLICY AND MANAGEMENT,Etosha Secondary School,6/26/2023,
654,Lorilee,Kesten,lkesteni5@tmall.com,Female,4fbacf95-a7dc-4383-a99b-373355c98f52,BACHELOR IN NURSING HONOURS,A. Shipena Secondary School,7/10/2023,
655,Englebert,Watkiss,ewatkissi6@example.com,Non-binary,c9b8c52b-5a99-4305-83e9-31bd6cac3824,BACHELOR IN HUMAN RESOURCE MANAGEMENT,Etosha Secondary School,1/19/2024,
656,Papagena,Pearse,ppearsei7@123-reg.co.uk,Female,7a4e18bc-def0-4b1a-943b-4431fc866213,BACHELOR OF SCIENCE IN ELECTRONICS ENGINEERING HONOURS  (ELECTRICAL),Hochland High School,1/23/2024,
657,Ephrem,Nassie,enassiei8@etsy.com,Male,b676ad6b-c354-45b8-8618-23dbff438519,BACHELOR IN HUMAN RESOURCE MANAGEMENT,Academia Secondary School,12/14/2023,
658,Pier,Caistor,pcaistori9@comcast.net,Female,ea611209-0b50-4afd-8e14-f2d283684974,BACHELOR OF SCIENCE IN ELECTRONICS ENGINEERING HONOURS  (ELECTRICAL),Academia Secondary School,8/11/2023,
659,Eyde,Pattini,epattiniia@tumblr.com,Female,6e4e5c46-c2bf-4cfd-a77b-df25fddaa0c5,BACHELOR IN HUMAN RESOURCE MANAGEMENT,A. Shipena Secondary School,4/12/2023,
660,Siffre,Cansfield,scansfieldib@taobao.com,Male,190747b1-0697-41d6-8bc0-eafdc63be29e,DIPLOMA IN WATER RESOURCES MANAGEMENT,J. G. van der Wath Secondary School,12/15/2023,
661,Andonis,Juggings,,Male,069d26e5-3dce-450e-b556-33a1482d151b,BACHELOR OF SCIENCE IN ELECTRONICS ENGINEERING HONOURS  (ELECTRICAL),A. Shipena Secondary School,8/12/2024,
662,Lyndy,Pidcock,lpidcockid@tiny.cc,Female,5854529e-e6f7-4d48-8f63-dc74978765f1,DIPLOMA IN WATER RESOURCES MANAGEMENT,Academia Secondary School,8/21/2023,
663,Roderich,Robilart,rrobilartie@oakley.com,Male,3b3ac41a-eed8-401e-b20e-469db7a5614e,BACHELOR IN NURSING HONOURS,Etosha Secondary School,10/21/2024,
664,Corby,Bernardy,cbernardyif@china.com.cn,Male,ddb609ff-9842-41b8-923d-4682baac2a29,BACHELOR IN BUSINESS ADMINISTRATION,Holy Cross Convent School,8/16/2023,
665,Ignace,Raywood,iraywoodig@facebook.com,Male,9d0a7b40-9a34-44a9-b253-428edacdf447,BACHELOR IN HUMAN RESOURCE MANAGEMENT,Etosha Secondary School,3/31/2023,
666,Ring,Leeves,,Male,edcb5b11-2592-48a8-9bc6-24d032e8753f,BACHELOR IN HUMAN RESOURCE MANAGEMENT,A. Shipena Secondary School,1/5/2025,
667,Amandi,Briffett,,Female,279221ef-7395-45da-8f18-7dcbd73ecd88,BACHELOR IN BUSINESS ADMINISTRATION,Holy Cross Convent School,11/2/2023,
668,Zeke,Kobiera,zkobieraij@joomla.org,Male,801b4b00-d5b4-472e-8706-edb54a0969e8,BACHELOR OF SCIENCE IN ELECTRONICS ENGINEERING HONOURS  (ELECTRICAL),A. Shipena Secondary School,6/9/2023,
669,Collie,Nasi,,Female,1a9e2d81-006d-4b48-bb4f-47f9f240afc5,DIPLOMA IN WATER RESOURCES MANAGEMENT,Etosha Secondary School,3/3/2023,
670,Gabi,Normaville,,Female,9b8d8ee2-76e8-483e-81ea-e42da4704bcf,BACHELOR IN NURSING HONOURS,Academia Secondary School,10/31/2023,
671,Bobbye,Rolfs,brolfsim@e-recht24.de,Female,f349ca75-a324-4588-9b49-5670cc1a4fc0,BACHELOR IN NURSING HONOURS,Etosha Secondary School,12/9/2024,
672,Arlina,Inworth,ainworthin@google.pl,Female,220d83e5-d752-43b1-af02-185747d22cbd,BACHELOR IN BUSINESS ADMINISTRATION,A. Shipena Secondary School,8/4/2024,
673,Winnie,Brechin,wbrechinio@tamu.edu,Male,d22179f2-e659-4289-bbd5-503cdd65a96c,BACHELOR IN HUMAN RESOURCE MANAGEMENT,J. G. van der Wath Secondary School,1/17/2024,
674,Boyce,Kemitt,,Male,b97bb115-1da4-4c6c-a260-8e3e6e1b4e2f,BACHELOR OF SCIENCE IN ELECTRONICS ENGINEERING HONOURS  (ELECTRICAL),Etosha Secondary School,1/11/2025,
675,Tamqrah,Crowley,tcrowleyiq@disqus.com,Female,4cb2bc0c-fe66-4424-bca6-d01397276d3c,BACHELOR OF SCIENCE IN ELECTRONICS ENGINEERING HONOURS  (ELECTRICAL),Academia Secondary School,9/7/2023,
676,Marlow,Ottam,,Male,3283c450-b3e3-4826-adef-0c9a69d567f1,BACHELOR IN HUMAN RESOURCE MANAGEMENT,A. Shipena Secondary School,6/4/2024,
677,Frank,Kimbley,fkimbleyis@moonfruit.com,Male,8e3e2d5a-2b48-4c00-bf9f-c9937c76e624,BACHELOR IN NURSING HONOURS,J. G. van der Wath Secondary School,5/9/2023,
678,Aida,Burt,aburtit@bigcartel.com,Female,132a38c8-43b7-4494-8aad-28ce96391d40,BACHELOR IN HUMAN RESOURCE MANAGEMENT,A. Shipena Secondary School,8/9/2024,
679,Holly,Van Baaren,hvanbaareniu@sciencedirect.com,Male,01aa0cdb-f846-4ef2-8137-17476df65c95,DIPLOMA IN WATER RESOURCES MANAGEMENT,J. G. van der Wath Secondary School,1/14/2025,
680,Madison,Payn,mpayniv@umich.edu,Male,4cb59e9c-3477-4592-a159-6575067d9235,BACHELOR OF SCIENCE IN ELECTRONICS ENGINEERING HONOURS  (ELECTRICAL),J. G. van der Wath Secondary School,5/5/2024,
681,Ethelind,Faughnan,efaughnaniw@meetup.com,Female,7eee839f-2f4c-4230-bf5a-c67c82d08149,MASTER IN PUBLIC POLICY AND MANAGEMENT,Academia Secondary School,3/26/2023,
682,Phedra,Sigfrid,psigfridix@google.cn,Female,32016baf-807f-4017-b47d-902c6712cb54,BACHELOR OF SCIENCE IN ELECTRONICS ENGINEERING HONOURS  (ELECTRICAL),J. G. van der Wath Secondary School,2/17/2024,
683,Melinda,Cornill,,Non-binary,9247586c-2323-49e6-b0e5-438e243fc804,BACHELOR OF SCIENCE IN ELECTRONICS ENGINEERING HONOURS  (ELECTRICAL),Holy Cross Convent School,10/23/2024,
684,Olivero,Thompson,othompsoniz@t-online.de,Male,7f148682-f5fc-4797-aa60-5b62f6024475,BACHELOR IN HUMAN RESOURCE MANAGEMENT,J. G. van der Wath Secondary School,8/6/2024,
685,Walker,Manley,wmanleyj0@google.com.br,Male,1216f28a-f90d-4f1b-acbc-7356ae9bc8df,BACHELOR OF SCIENCE IN ELECTRONICS ENGINEERING HONOURS  (ELECTRICAL),Hochland High School,11/20/2024,
686,Amabelle,Chaston,achastonj1@cyberchimps.com,Female,a18701bd-62df-48d8-ae28-5b3eff148bc5,BACHELOR IN BUSINESS ADMINISTRATION,Holy Cross Convent School,4/2/2024,
687,Renell,Sallinger,rsallingerj2@bbc.co.uk,Female,98e9db81-1a69-411d-96a0-23b118bce1ce,BACHELOR IN BUSINESS ADMINISTRATION,Holy Cross Convent School,1/17/2024,
688,Ezequiel,Blockley,eblockleyj3@bbb.org,Male,9b097035-7290-486e-8430-3e2fb777eb1c,BACHELOR OF SCIENCE IN ELECTRONICS ENGINEERING HONOURS  (ELECTRICAL),A. Shipena Secondary School,6/17/2024,
689,Richard,Bellingham,rbellinghamj4@auda.org.au,Male,be32150b-2c0c-4836-b418-b97983f0ebfa,BACHELOR OF SCIENCE IN ELECTRONICS ENGINEERING HONOURS  (ELECTRICAL),A. Shipena Secondary School,4/10/2023,
690,Tabby,Cahillane,tcahillanej5@techcrunch.com,Female,d6e5a908-a364-4392-ad8a-9da19748c6bb,BACHELOR OF SCIENCE IN ELECTRONICS ENGINEERING HONOURS  (ELECTRICAL),Etosha Secondary School,12/30/2024,
691,Davy,McMeekin,dmcmeekinj6@washingtonpost.com,Male,98c5f2ad-5c22-46ee-8b62-1e101b369b8f,DIPLOMA IN WATER RESOURCES MANAGEMENT,J. G. van der Wath Secondary School,8/13/2023,
692,Ronica,Prose,rprosej7@lulu.com,Female,9cbdc70c-19a0-4c91-89e9-8791ea7823fe,MASTER IN PUBLIC POLICY AND MANAGEMENT,J. G. van der Wath Secondary School,11/11/2024,
693,Arlin,Horley,ahorleyj8@apache.org,Male,9ac99d8b-1544-4c0e-9a2d-6e84193176b6,DIPLOMA IN WATER RESOURCES MANAGEMENT,Holy Cross Convent School,5/25/2024,
694,Jeni,Wreak,,Bigender,b1eec3ff-7071-4002-843d-a3b5b8a0f9e6,BACHELOR OF SCIENCE IN ELECTRONICS ENGINEERING HONOURS  (ELECTRICAL),Etosha Secondary School,8/28/2024,
695,Mikaela,Milson,mmilsonja@state.gov,Female,04fcb3a6-f132-4f8f-96a2-045de3fcce80,BACHELOR IN HUMAN RESOURCE MANAGEMENT,Academia Secondary School,5/4/2024,
696,Chloe,Plows,,Female,1179cf80-b940-4031-a878-abd11b457c1c,BACHELOR IN HUMAN RESOURCE MANAGEMENT,Holy Cross Convent School,1/22/2024,
697,Kale,Nesby,knesbyjc@google.com.hk,Male,e1cfce72-c86e-49d9-a957-00ab8c7dfac5,DIPLOMA IN WATER RESOURCES MANAGEMENT,Etosha Secondary School,7/29/2024,
698,Lindi,Glowacki,lglowackijd@paginegialle.it,Agender,22c9357f-bbf9-4627-b4e7-ee9dbd1d1f19,BACHELOR IN BUSINESS ADMINISTRATION,Etosha Secondary School,5/25/2023,
699,Torrence,Bateman,tbatemanje@jugem.jp,Male,ea7d5ae5-931a-482d-8aa8-deb12f96f1f2,BACHELOR IN NURSING HONOURS,Hochland High School,6/3/2023,
700,Alley,Moynham,amoynhamjf@pbs.org,Male,ff8b4a96-c35d-4455-a097-e9dc4ba9b264,BACHELOR OF SCIENCE IN ELECTRONICS ENGINEERING HONOURS  (ELECTRICAL),Academia Secondary School,1/20/2024,
701,Lark,Lourenco,,Female,757d07d9-e1de-453d-9c80-a3a933249161,MASTER IN PUBLIC POLICY AND MANAGEMENT,Academia Secondary School,12/23/2023,
702,Pearline,Brash,pbrashjh@discuz.net,Female,584a3779-776b-48c9-88d9-6df3fd3eabf2,BACHELOR IN BUSINESS ADMINISTRATION,Etosha Secondary School,6/25/2024,
703,Eldon,Mixture,emixtureji@unblog.fr,Male,9b49f4e4-8f71-4389-92ca-2306127d8e27,DIPLOMA IN WATER RESOURCES MANAGEMENT,Holy Cross Convent School,12/26/2024,
704,Adena,Pattison,apattisonjj@ed.gov,Female,d25fbff9-20a2-4f11-867e-2f06d1827540,DIPLOMA IN WATER RESOURCES MANAGEMENT,A. Shipena Secondary School,3/26/2023,
705,Bartholomew,Causer,bcauserjk@patch.com,Male,07f30982-549d-41c1-ad98-01b6a82dec16,DIPLOMA IN WATER RESOURCES MANAGEMENT,Etosha Secondary School,7/20/2023,
706,Rustie,Prahl,rprahljl@ft.com,Male,38742191-bbf6-47fe-b658-601386e77d7c,BACHELOR IN BUSINESS ADMINISTRATION,J. G. van der Wath Secondary School,9/5/2024,
707,Bron,Rainsdon,brainsdonjm@twitpic.com,Genderqueer,f1525065-b015-45cf-a9b3-431fc6ac0c13,BACHELOR OF SCIENCE IN ELECTRONICS ENGINEERING HONOURS  (ELECTRICAL),A. Shipena Secondary School,7/20/2023,
708,Ami,Noble,,Female,69a0bb7c-024d-414b-b03b-990173b106de,BACHELOR IN BUSINESS ADMINISTRATION,Etosha Secondary School,7/12/2024,
709,Lorinda,Cluatt,lcluattjo@blogspot.com,Female,438e8341-1776-4e37-a433-b47864e54fc7,BACHELOR OF SCIENCE IN ELECTRONICS ENGINEERING HONOURS  (ELECTRICAL),A. Shipena Secondary School,1/9/2024,
710,Bernadine,Linneman,blinnemanjp@hubpages.com,Female,375b4b57-19ea-40a1-b80a-10963bd3ecfb,BACHELOR OF SCIENCE IN ELECTRONICS ENGINEERING HONOURS  (ELECTRICAL),Academia Secondary School,12/12/2024,
711,Abe,Crosbie,acrosbiejq@amazon.com,Male,fdbfbf44-ab69-4ccc-877e-111f6e5549d2,MASTER IN PUBLIC POLICY AND MANAGEMENT,J. G. van der Wath Secondary School,4/26/2023,
712,Desirae,Rathborne,drathbornejr@studiopress.com,Female,86b4e2d3-8865-4e59-93be-3e64ff40a71a,BACHELOR OF SCIENCE IN ELECTRONICS ENGINEERING HONOURS  (ELECTRICAL),Academia Secondary School,6/29/2024,
713,Collin,Gauvain,cgauvainjs@blogger.com,Male,258bb3c1-2b69-43e0-9299-a88db8c7abbe,BACHELOR IN NURSING HONOURS,Academia Secondary School,2/17/2024,
714,Thorstein,Eaklee,teakleejt@state.tx.us,Male,5c30aa37-77b5-4e03-a544-2929e4804c50,BACHELOR IN NURSING HONOURS,Hochland High School,8/19/2024,
715,Rriocard,McNalley,rmcnalleyju@adobe.com,Male,79460979-4262-49f9-a997-0f5c9851eea4,BACHELOR IN BUSINESS ADMINISTRATION,Academia Secondary School,3/31/2023,
716,Harriet,Sutch,,Female,e0aff5eb-5aa1-4727-bbda-e6cae1bb9847,BACHELOR IN BUSINESS ADMINISTRATION,Holy Cross Convent School,6/5/2023,
717,Perice,Clotworthy,,Male,ea6d0147-1336-4464-91a3-75e3b6b3b913,BACHELOR IN HUMAN RESOURCE MANAGEMENT,Holy Cross Convent School,11/3/2024,
718,Carly,Bocking,cbockingjx@fda.gov,Female,b9866725-517b-4452-8341-c7e2d151ac64,DIPLOMA IN WATER RESOURCES MANAGEMENT,Holy Cross Convent School,7/28/2024,
719,Tobi,Stranio,,Female,282fed95-e7c4-47a4-a47e-cb60a0cf3707,BACHELOR OF SCIENCE IN ELECTRONICS ENGINEERING HONOURS  (ELECTRICAL),Hochland High School,5/18/2023,
720,Chanda,Agirre,cagirrejz@nifty.com,Female,c0c08d31-f73a-496e-914d-8280c29eeab7,MASTER IN PUBLIC POLICY AND MANAGEMENT,Holy Cross Convent School,11/1/2024,
721,Adelle,Findlow,afindlowk0@hp.com,Female,6a9a45ea-bab1-4423-9a8b-9c1fcd774b07,DIPLOMA IN WATER RESOURCES MANAGEMENT,A. Shipena Secondary School,2/4/2024,
722,Ivy,Sleaford,isleafordk1@ca.gov,Female,39fbe07d-9cbe-416e-84c8-42335882906a,BACHELOR IN BUSINESS ADMINISTRATION,Holy Cross Convent School,8/8/2023,
723,Michal,Burborough,mburboroughk2@paypal.com,Male,e9aeb6f8-6cbb-4b50-83f0-b42edce40f83,BACHELOR IN NURSING HONOURS,Holy Cross Convent School,6/13/2024,
724,Ardene,Lunam,alunamk3@gmpg.org,Female,8b847b71-61fa-4474-935b-ded5a03d5238,BACHELOR OF SCIENCE IN ELECTRONICS ENGINEERING HONOURS  (ELECTRICAL),J. G. van der Wath Secondary School,3/5/2023,
725,Phil,Glantz,,Polygender,95a53a4e-690a-4702-8ca4-086ac52439aa,BACHELOR IN HUMAN RESOURCE MANAGEMENT,Holy Cross Convent School,12/20/2023,
726,Gordy,Heinig,gheinigk5@yellowpages.com,Male,b4632161-e4dc-443c-bc5a-ee59583e02e9,DIPLOMA IN WATER RESOURCES MANAGEMENT,Etosha Secondary School,8/3/2023,
727,Jeremiah,Kuhnt,jkuhntk6@xing.com,Male,df1bde26-5627-416c-a39a-7275800f625c,MASTER IN PUBLIC POLICY AND MANAGEMENT,Holy Cross Convent School,6/12/2023,
728,Davey,Woolvin,dwoolvink7@census.gov,Male,51916342-c32a-4bb2-8191-d2ae1a7abdb9,BACHELOR OF SCIENCE IN ELECTRONICS ENGINEERING HONOURS  (ELECTRICAL),Etosha Secondary School,2/4/2023,
729,Byrle,Paradin,bparadink8@tinyurl.com,Male,0ad59f02-6c71-4e39-bb1b-73705988ab98,BACHELOR OF SCIENCE IN ELECTRONICS ENGINEERING HONOURS  (ELECTRICAL),J. G. van der Wath Secondary School,8/17/2024,
730,Orsola,Denty,odentyk9@discovery.com,Female,8dede9a7-3565-4b35-a4b3-1afafeaa7c3c,MASTER IN PUBLIC POLICY AND MANAGEMENT,A. Shipena Secondary School,6/27/2023,
731,Myrta,McLemon,mmclemonka@soundcloud.com,Female,32c155a9-984f-437f-be99-3da1e3f13d25,BACHELOR IN HUMAN RESOURCE MANAGEMENT,A. Shipena Secondary School,5/30/2024,
732,Radcliffe,Probin,rprobinkb@thetimes.co.uk,Male,b017e83c-b264-40d4-8e0c-7ca73f034515,DIPLOMA IN WATER RESOURCES MANAGEMENT,Holy Cross Convent School,3/11/2024,
733,Keeley,Frean,kfreankc@google.fr,Female,fff2244c-f8ef-4702-876e-9187fc127890,BACHELOR OF SCIENCE IN ELECTRONICS ENGINEERING HONOURS  (ELECTRICAL),J. G. van der Wath Secondary School,4/6/2023,
734,Wendie,McGibbon,,Female,d11c9ff6-3173-4f0a-89ba-8cf3c112f1be,BACHELOR OF SCIENCE IN ELECTRONICS ENGINEERING HONOURS  (ELECTRICAL),Academia Secondary School,9/29/2023,
735,Kristan,Curman,kcurmanke@paypal.com,Female,4641192a-e658-43f1-bf90-3bfe48755fdd,MASTER IN PUBLIC POLICY AND MANAGEMENT,Holy Cross Convent School,4/10/2023,
736,Calli,Packington,cpackingtonkf@flickr.com,Genderfluid,1c21d5c8-39c9-4687-a112-6cbd5b2a6649,BACHELOR IN BUSINESS ADMINISTRATION,Holy Cross Convent School,7/19/2023,
737,Giovanna,Ruoss,gruosskg@symantec.com,Female,95e95e53-efa0-4a44-813f-a86a5ff721e1,BACHELOR IN BUSINESS ADMINISTRATION,Hochland High School,8/16/2023,
738,Archie,Gobourn,agobournkh@utexas.edu,Male,80a49640-7c26-4805-b7db-b5bf45312446,BACHELOR OF SCIENCE IN ELECTRONICS ENGINEERING HONOURS  (ELECTRICAL),J. G. van der Wath Secondary School,3/8/2023,
739,Frank,Ellicombe,fellicombeki@scribd.com,Female,5494f7a6-5758-4c47-9e87-d9250fd2ccd4,DIPLOMA IN WATER RESOURCES MANAGEMENT,Etosha Secondary School,9/8/2023,
740,Dorise,Cridlan,,Female,a1163ecd-dd9c-4c1f-ae04-0478f212d219,BACHELOR IN NURSING HONOURS,Academia Secondary School,5/16/2024,
741,Isabelle,Twitching,itwitchingkk@smugmug.com,Female,95ef1a02-2113-4281-abc5-50e77a1d02c0,BACHELOR IN HUMAN RESOURCE MANAGEMENT,J. G. van der Wath Secondary School,12/30/2023,
742,Urbain,Rein,ureinkl@comcast.net,Male,01cbd4ff-ce60-4150-8924-245b553fc422,BACHELOR IN HUMAN RESOURCE MANAGEMENT,Holy Cross Convent School,5/2/2024,
743,Kim,Guys,kguyskm@oaic.gov.au,Male,22b6243a-f581-453e-9382-7b8ddc9fe3c5,BACHELOR OF SCIENCE IN ELECTRONICS ENGINEERING HONOURS  (ELECTRICAL),A. Shipena Secondary School,2/11/2023,
744,Thom,Chaloner,tchalonerkn@forbes.com,Male,056e6b84-9cd2-4a47-8335-e4cfa46daa51,BACHELOR OF SCIENCE IN ELECTRONICS ENGINEERING HONOURS  (ELECTRICAL),Hochland High School,7/10/2024,
745,Cull,Maddrah,cmaddrahko@smh.com.au,Genderqueer,f4d3c0df-95ba-4729-83c5-3752ca42031c,BACHELOR IN HUMAN RESOURCE MANAGEMENT,Etosha Secondary School,4/19/2023,
746,Allyn,Enbury,,Male,9b43fc5a-ca62-409c-af39-7c3a2396662e,BACHELOR IN BUSINESS ADMINISTRATION,Holy Cross Convent School,11/13/2023,
747,Cesare,Beachem,,Non-binary,34abe4e1-c582-4b02-82c2-64e850ab8e56,BACHELOR IN BUSINESS ADMINISTRATION,Etosha Secondary School,9/30/2023,
748,Sylas,Patise,spatisekr@edublogs.org,Male,e4317051-82f3-4d26-abfb-468b91eaaab6,BACHELOR OF SCIENCE IN ELECTRONICS ENGINEERING HONOURS  (ELECTRICAL),Academia Secondary School,2/29/2024,
749,Dennet,Arderne,darderneks@blogspot.com,Male,3843fb69-60ba-4e4b-9cdf-85cbed591c2b,BACHELOR OF SCIENCE IN ELECTRONICS ENGINEERING HONOURS  (ELECTRICAL),A. Shipena Secondary School,7/2/2024,
750,Laurette,Sutworth,lsutworthkt@newyorker.com,Female,f7b32b72-a0a7-4f10-aaf2-cc4e934008d1,BACHELOR IN BUSINESS ADMINISTRATION,Hochland High School,2/18/2023,
751,Grantley,Doy,gdoyku@time.com,Male,32844aac-7168-4aee-9d75-610e9a5785af,BACHELOR IN BUSINESS ADMINISTRATION,Hochland High School,8/16/2024,
752,Chet,Bolino,cbolinokv@myspace.com,Male,05654829-3b06-4e23-a852-6e55e4444752,BACHELOR IN NURSING HONOURS,Academia Secondary School,5/16/2023,
753,Raphael,Vice,,Male,7606ef2d-bf1f-4e0b-b91b-2e42a4b71d11,BACHELOR IN BUSINESS ADMINISTRATION,Hochland High School,4/9/2024,
754,Janaye,Salisbury,jsalisburykx@studiopress.com,Female,6a67dc86-6379-4ea3-a7a8-d33b9edd37f2,DIPLOMA IN WATER RESOURCES MANAGEMENT,J. G. van der Wath Secondary School,3/22/2024,
755,Jorgan,Oxteby,,Male,85a8a7bf-0103-44c4-a120-f1fc00a34e2c,BACHELOR IN HUMAN RESOURCE MANAGEMENT,J. G. van der Wath Secondary School,6/16/2024,
756,Hammad,Bowery,hbowerykz@behance.net,Male,47016ebe-4b41-415b-a689-38d95588f129,MASTER IN PUBLIC POLICY AND MANAGEMENT,Holy Cross Convent School,3/4/2023,
757,Fairfax,Reisin,freisinl0@abc.net.au,Male,01dd276f-d3fb-4191-85ca-d9d42435c53a,BACHELOR IN HUMAN RESOURCE MANAGEMENT,Holy Cross Convent School,12/3/2024,
758,Armando,Willcocks,awillcocksl1@networksolutions.com,Male,2f0653cc-868d-44e8-a558-9c0904ecce1e,MASTER IN PUBLIC POLICY AND MANAGEMENT,Hochland High School,1/2/2025,
759,Mildred,Valens-Smith,mvalenssmithl2@cocolog-nifty.com,Female,245486b2-2db1-44e0-974e-a2cea5e176f0,MASTER IN PUBLIC POLICY AND MANAGEMENT,Etosha Secondary School,8/15/2023,
760,Tally,Ricardin,tricardinl3@economist.com,Male,1016b53d-361e-4bdd-b3cf-1f121ea5f0d7,BACHELOR IN HUMAN RESOURCE MANAGEMENT,A. Shipena Secondary School,1/24/2025,
761,Nevins,Ripping,nrippingl4@yellowbook.com,Male,25429eb9-63a6-40c1-a687-867b4c68e6b1,DIPLOMA IN WATER RESOURCES MANAGEMENT,Etosha Secondary School,6/4/2024,
762,Robinett,Spoerl,rspoerll5@time.com,Bigender,bd0c2542-b429-4bf8-9f6b-ad5db9792555,BACHELOR IN NURSING HONOURS,Academia Secondary School,9/11/2023,
763,Joletta,Legrand,jlegrandl6@sun.com,Female,0139646c-8afb-4e2c-8a5c-bfbf98739a36,MASTER IN PUBLIC POLICY AND MANAGEMENT,Hochland High School,2/15/2024,
764,Allison,Kelwaybamber,akelwaybamberl7@infoseek.co.jp,Female,82ef6ce6-22e2-4613-accf-36f54fec10d9,MASTER IN PUBLIC POLICY AND MANAGEMENT,Academia Secondary School,11/3/2024,
765,Farris,Gyenes,,Male,844f42c0-e761-4a73-871f-7dc74e1fcc69,DIPLOMA IN WATER RESOURCES MANAGEMENT,A. Shipena Secondary School,3/17/2023,
766,Kevyn,Ashment,,Female,75f61fe0-2dcd-4f83-8a19-56355856db4e,BACHELOR OF SCIENCE IN ELECTRONICS ENGINEERING HONOURS  (ELECTRICAL),Holy Cross Convent School,9/3/2023,
767,Horatio,Anslow,hanslowla@ebay.com,Male,2fb97620-9d23-4c3d-acbc-41b1ce4f12a8,BACHELOR IN HUMAN RESOURCE MANAGEMENT,Hochland High School,4/3/2023,
768,Bertram,Harley,bharleylb@google.de,Male,fa00c651-cd4e-4308-99aa-5a031b2b2203,BACHELOR IN HUMAN RESOURCE MANAGEMENT,Academia Secondary School,12/3/2024,
769,Jarrett,Dozdill,jdozdilllc@mapquest.com,Male,02eb4200-abe5-4c71-ab93-2855e77e145f,MASTER IN PUBLIC POLICY AND MANAGEMENT,Holy Cross Convent School,8/14/2024,
770,Tome,Newport,tnewportld@cnet.com,Male,e77b3e1a-1593-4d0b-89f0-5ede048fe8d8,MASTER IN PUBLIC POLICY AND MANAGEMENT,A. Shipena Secondary School,5/9/2023,
771,Burlie,Applin,bapplinle@census.gov,Male,77913e57-2a3c-4725-90a9-d34ea28652e8,BACHELOR IN NURSING HONOURS,Academia Secondary School,3/12/2024,
772,Kristina,Farnes,,Female,05817117-6885-4140-b99c-484a4ee6f578,MASTER IN PUBLIC POLICY AND MANAGEMENT,A. Shipena Secondary School,12/27/2023,
773,Dorelle,Clother,dclotherlg@yandex.ru,Female,52eac9af-f453-48e3-8911-ac0dfe83dd8a,MASTER IN PUBLIC POLICY AND MANAGEMENT,Holy Cross Convent School,5/25/2024,
774,Jack,Prydie,jprydielh@free.fr,Male,8c90a837-ae5d-4448-9ff1-b19560a7cfd0,BACHELOR OF SCIENCE IN ELECTRONICS ENGINEERING HONOURS  (ELECTRICAL),A. Shipena Secondary School,2/16/2023,
775,Farrel,Plumridge,fplumridgeli@house.gov,Male,20de8111-0cb2-4367-93a8-cae1ab4e7839,BACHELOR IN NURSING HONOURS,Etosha Secondary School,10/25/2024,
776,Lief,Drohan,ldrohanlj@wunderground.com,Male,27178476-c8e9-4f62-a780-110ab2903a03,BACHELOR IN BUSINESS ADMINISTRATION,A. Shipena Secondary School,11/4/2024,
777,Antone,De Roberto,,Male,85d6b94b-ec05-4ffa-93df-95c2df6db177,MASTER IN PUBLIC POLICY AND MANAGEMENT,J. G. van der Wath Secondary School,4/15/2023,
778,Cornelius,Churches,cchurchesll@spotify.com,Male,9de8d116-1f00-4cc2-888d-ab608035019b,BACHELOR IN NURSING HONOURS,Academia Secondary School,7/13/2023,
779,Ashlan,Leedal,aleedallm@prlog.org,Female,6c052360-d668-4deb-b537-e6056b11a580,BACHELOR IN NURSING HONOURS,J. G. van der Wath Secondary School,3/23/2023,
780,Kendall,Emlin,kemlinln@patch.com,Male,c3afb22d-6b6c-44b1-a627-380fb985b90e,BACHELOR IN HUMAN RESOURCE MANAGEMENT,Academia Secondary School,4/4/2023,
781,Noe,MacAirt,nmacairtlo@netlog.com,Non-binary,818965a4-fc86-4306-b91f-61fe3898c4ae,BACHELOR IN BUSINESS ADMINISTRATION,J. G. van der Wath Secondary School,7/8/2024,
782,Kippie,Wrenn,kwrennlp@wiley.com,Male,146230dd-25fc-4418-9bf6-0b788c374091,DIPLOMA IN WATER RESOURCES MANAGEMENT,J. G. van der Wath Secondary School,2/11/2023,
783,Rurik,Carillo,,Male,251277e3-21f1-4d46-aff6-c6bc80c0045d,BACHELOR IN HUMAN RESOURCE MANAGEMENT,J. G. van der Wath Secondary School,6/9/2023,
784,Svend,Coskerry,scoskerrylr@state.gov,Male,ec948850-47cd-4778-96f2-68115b1b6075,BACHELOR IN HUMAN RESOURCE MANAGEMENT,Holy Cross Convent School,9/13/2023,
785,Marthe,Hriinchenko,mhriinchenkols@icio.us,Female,01cedf9f-3bf2-43a4-bade-4327531c5070,BACHELOR IN NURSING HONOURS,A. Shipena Secondary School,9/26/2024,
786,Maible,Cordeau],mcordeault@dailymail.co.uk,Female,620bc1ea-067f-46b7-8f46-bb5c190c3ca7,MASTER IN PUBLIC POLICY AND MANAGEMENT,Holy Cross Convent School,10/4/2023,
787,Franzen,Tuhy,,Male,927c59d2-4d7e-44ea-a107-4902c65104cc,DIPLOMA IN WATER RESOURCES MANAGEMENT,Holy Cross Convent School,6/30/2023,
788,August,Coll,acolllv@moonfruit.com,Male,1e8e7f08-e245-4076-aee0-6b0e6f4b98db,MASTER IN PUBLIC POLICY AND MANAGEMENT,Academia Secondary School,6/28/2023,
789,Obadias,Vitte,ovittelw@altervista.org,Male,1929dd79-8fde-47cd-bfcc-4e84b4bdefda,DIPLOMA IN WATER RESOURCES MANAGEMENT,Etosha Secondary School,8/29/2024,
790,Marius,Klimochkin,mklimochkinlx@ow.ly,Male,addc506e-e7fd-49e4-9520-9a9f64a15b97,BACHELOR IN NURSING HONOURS,Academia Secondary School,4/25/2023,
791,Tailor,Quincey,tquinceyly@alexa.com,Male,9cd257cb-30aa-48b2-9a84-c97a7c38f5c2,BACHELOR IN HUMAN RESOURCE MANAGEMENT,Hochland High School,11/18/2024,
792,Liva,Collicott,lcollicottlz@blog.com,Female,71eba491-f9fd-46d1-8749-a7a45a51fa73,BACHELOR OF SCIENCE IN ELECTRONICS ENGINEERING HONOURS  (ELECTRICAL),Academia Secondary School,9/30/2024,
793,Madelle,Binny,mbinnym0@hexun.com,Genderqueer,6a1e031f-7b02-4e17-a712-3aa8cfee261b,BACHELOR IN NURSING HONOURS,Holy Cross Convent School,3/11/2023,
794,Cacilie,Blazdell,cblazdellm1@imgur.com,Female,3f305230-e633-4b3c-a8cf-2a3cccc4b5e7,BACHELOR IN HUMAN RESOURCE MANAGEMENT,J. G. van der Wath Secondary School,5/29/2023,
795,Tiebold,Stanbridge,tstanbridgem2@sbwire.com,Male,09e3ef83-e2da-45e0-9488-2f78942aa17a,DIPLOMA IN WATER RESOURCES MANAGEMENT,Hochland High School,2/23/2023,
796,Carl,Hanselmann,chanselmannm3@ask.com,Male,a7027ff0-e9ca-4081-8874-82545cdca460,BACHELOR OF SCIENCE IN ELECTRONICS ENGINEERING HONOURS  (ELECTRICAL),Academia Secondary School,11/26/2024,
797,Brandtr,Vuitte,bvuittem4@i2i.jp,Male,a92eb0b0-e365-4f55-9422-03984e2628a6,BACHELOR IN BUSINESS ADMINISTRATION,Academia Secondary School,11/17/2023,
798,Gleda,Cohani,gcohanim5@dion.ne.jp,Female,e3b31382-5719-4aaa-9307-d8071feef1c6,BACHELOR IN BUSINESS ADMINISTRATION,Holy Cross Convent School,2/10/2023,
799,Monty,Kiraly,mkiralym6@i2i.jp,Male,b3360496-937f-4ee9-8857-c30621cc4ce4,BACHELOR OF SCIENCE IN ELECTRONICS ENGINEERING HONOURS  (ELECTRICAL),Holy Cross Convent School,1/16/2025,
800,Crystal,Camacho,ccamachom7@oakley.com,Female,674ccea0-60a7-4d01-9f9b-0608ef2aa0aa,DIPLOMA IN WATER RESOURCES MANAGEMENT,J. G. van der Wath Secondary School,6/12/2023,
801,Fernando,Tembey,ftembeym8@spiegel.de,Male,3a226201-6493-4b13-a81c-cf899bdf3a11,BACHELOR OF SCIENCE IN ELECTRONICS ENGINEERING HONOURS  (ELECTRICAL),Hochland High School,11/25/2024,
802,Xavier,Conyard,xconyardm9@github.com,Male,0e177a16-0485-40c4-8e76-d8ec6ddfe58a,BACHELOR IN HUMAN RESOURCE MANAGEMENT,Academia Secondary School,4/7/2023,
803,Paige,Stanyan,pstanyanma@nhs.uk,Male,8350732a-c0c2-40a5-86a7-c31753a41218,BACHELOR IN BUSINESS ADMINISTRATION,Etosha Secondary School,11/18/2023,
804,Inna,Maryin,imaryinmb@digg.com,Female,cbd43a1c-5bd2-40f9-a67d-09659a1797df,DIPLOMA IN WATER RESOURCES MANAGEMENT,Etosha Secondary School,2/4/2024,
805,Jorry,Shenfisch,jshenfischmc@washingtonpost.com,Female,b463ab3c-42b9-4a6d-b490-90104f61943d,BACHELOR IN BUSINESS ADMINISTRATION,J. G. van der Wath Secondary School,9/19/2023,
806,Siobhan,Cartwright,scartwrightmd@yellowpages.com,Female,6455be3a-4578-4667-9435-cb86ab6d066a,BACHELOR OF SCIENCE IN ELECTRONICS ENGINEERING HONOURS  (ELECTRICAL),Holy Cross Convent School,5/9/2024,
807,Donn,Corsham,dcorshamme@sitemeter.com,Male,ec270333-2712-4da4-b6be-58528c952383,BACHELOR IN NURSING HONOURS,A. Shipena Secondary School,12/6/2024,
808,Romy,Macauley,rmacauleymf@irs.gov,Female,0b275fcb-03a5-4f90-ae77-3b9ce6be34e8,BACHELOR IN BUSINESS ADMINISTRATION,Hochland High School,1/26/2025,
809,Gabriele,Whitwham,,Male,bf9cd4f7-a921-4e36-a7af-c7e1e89127ca,MASTER IN PUBLIC POLICY AND MANAGEMENT,A. Shipena Secondary School,7/28/2024,
810,Eugenie,De Zamudio,,Female,63fc9b1f-f53b-41db-ba2c-222b13bcaf6c,DIPLOMA IN WATER RESOURCES MANAGEMENT,A. Shipena Secondary School,11/11/2023,
811,Gussi,Stuke,gstukemi@amazonaws.com,Female,1ce7d217-4fe0-4afe-9ee3-e411d78856c8,BACHELOR OF SCIENCE IN ELECTRONICS ENGINEERING HONOURS  (ELECTRICAL),Holy Cross Convent School,1/23/2024,
812,Hyman,Grafton-Herbert,hgraftonherbertmj@google.co.uk,Male,3576315f-dbc3-40c7-8bd4-d907f8aba71d,DIPLOMA IN WATER RESOURCES MANAGEMENT,Holy Cross Convent School,1/15/2025,
813,Tracy,Vercruysse,tvercruyssemk@vimeo.com,Male,21a584c6-275c-43f6-b30f-bbaf6736fc1c,BACHELOR OF SCIENCE IN ELECTRONICS ENGINEERING HONOURS  (ELECTRICAL),Hochland High School,10/24/2024,
814,Kamilah,Clausen,kclausenml@soundcloud.com,Female,e0c05400-0719-4dcd-ab00-034082f6cc68,BACHELOR IN NURSING HONOURS,Holy Cross Convent School,2/2/2024,
815,Coriss,Gainsboro,cgainsboromm@smugmug.com,Female,5d9ccf3f-3cec-4592-84ff-d4f5cb56d39b,BACHELOR IN NURSING HONOURS,Etosha Secondary School,1/22/2025,
816,Mario,Rennox,,Male,0864e960-2aaf-4789-bd75-06ad0eec8ff7,MASTER IN PUBLIC POLICY AND MANAGEMENT,Etosha Secondary School,2/9/2024,
817,Reta,Edinborough,redinboroughmo@bbc.co.uk,Female,5833c864-7deb-4580-bf0b-8c2782064c19,DIPLOMA IN WATER RESOURCES MANAGEMENT,J. G. van der Wath Secondary School,7/3/2023,
818,Noah,Glewe,nglewemp@fastcompany.com,Male,01165071-012f-4bad-a0b9-b398c24071a3,BACHELOR IN BUSINESS ADMINISTRATION,J. G. van der Wath Secondary School,1/13/2024,
819,Hashim,Heaffey,hheaffeymq@instagram.com,Male,0078b42e-b6d6-4002-80b2-2b214d12eea4,MASTER IN PUBLIC POLICY AND MANAGEMENT,Academia Secondary School,8/14/2024,
820,Gay,Rigard,grigardmr@tuttocitta.it,Bigender,404d2f1b-5780-4698-8924-f213c84d2871,BACHELOR IN BUSINESS ADMINISTRATION,Holy Cross Convent School,7/23/2023,
821,Taddeo,Jewel,,Male,ffa35c28-3d69-45f5-a47f-65c9926141e3,DIPLOMA IN WATER RESOURCES MANAGEMENT,Hochland High School,12/17/2024,
822,Frazier,Mainston,,Male,a2e73f83-114f-45a0-ae11-0242eaed9a14,DIPLOMA IN WATER RESOURCES MANAGEMENT,Etosha Secondary School,9/26/2023,
823,Siegfried,Raymond,sraymondmu@pagesperso-orange.fr,Male,a4d7f9d9-266a-4317-aead-23102775cd0b,DIPLOMA IN WATER RESOURCES MANAGEMENT,Academia Secondary School,11/18/2024,
824,Novelia,Windeatt,,Female,eecb9828-9d86-4f73-9cd7-208530aff795,BACHELOR OF SCIENCE IN ELECTRONICS ENGINEERING HONOURS  (ELECTRICAL),Hochland High School,11/6/2023,
825,Mollie,Ashman,mashmanmw@usa.gov,Polygender,cc98fd0e-e126-412a-97ec-86acba892e64,BACHELOR IN HUMAN RESOURCE MANAGEMENT,A. Shipena Secondary School,4/23/2023,
826,Allegra,Fawks,afawksmx@nyu.edu,Female,fdf737cf-5b56-4ce0-b29e-890a72953f5f,MASTER IN PUBLIC POLICY AND MANAGEMENT,A. Shipena Secondary School,3/18/2024,
827,Patrice,Allery,pallerymy@usnews.com,Polygender,3ecec64c-46b7-4d09-b216-b73a0c0ca436,BACHELOR IN BUSINESS ADMINISTRATION,A. Shipena Secondary School,1/26/2024,
828,Garvy,Novelli,,Male,d19f55e0-2a0b-4521-8b33-b5c6cd7553fb,BACHELOR IN NURSING HONOURS,Etosha Secondary School,12/11/2024,
829,Gaile,Vlasyev,gvlasyevn0@omniture.com,Male,231dbcdd-a384-4606-8256-d6032e894474,BACHELOR IN BUSINESS ADMINISTRATION,Etosha Secondary School,3/3/2023,
830,Saundra,Purkess,spurkessn1@bloglovin.com,Genderfluid,b0c43334-f6bc-4d2d-9d4a-5a3cb3bfba04,MASTER IN PUBLIC POLICY AND MANAGEMENT,Etosha Secondary School,12/9/2023,
831,Oren,Rasch,oraschn2@360.cn,Male,5b92ec88-72c0-406f-abce-25b671750c05,DIPLOMA IN WATER RESOURCES MANAGEMENT,Hochland High School,12/7/2024,
832,Zena,McGooch,zmcgoochn3@icio.us,Female,dd0988a7-bd18-42f7-ae4c-c6e98f7e8fb9,MASTER IN PUBLIC POLICY AND MANAGEMENT,Hochland High School,11/4/2023,
833,Bradley,Geerling,bgeerlingn4@phoca.cz,Male,fe1d9e47-17ec-424f-afde-153faa8e8c26,BACHELOR IN HUMAN RESOURCE MANAGEMENT,A. Shipena Secondary School,12/3/2024,
834,Barbi,Raddenbury,braddenburyn5@google.es,Female,83543d3d-46f5-49d0-ae9a-d90c8cf1bc7c,BACHELOR IN BUSINESS ADMINISTRATION,J. G. van der Wath Secondary School,4/20/2024,
835,Tierney,Matiashvili,,Female,39b8cdae-a4f1-4205-b722-4c3271c539cb,BACHELOR IN NURSING HONOURS,J. G. van der Wath Secondary School,5/27/2023,
836,Gwendolin,Emons,gemonsn7@alibaba.com,Female,6c07c969-6669-4945-930d-579cb8ad45bb,BACHELOR IN HUMAN RESOURCE MANAGEMENT,A. Shipena Secondary School,8/6/2023,
837,Justinn,Silversmidt,jsilversmidtn8@ca.gov,Female,b62c4130-d263-4908-8c05-d4c349a5d7ca,MASTER IN PUBLIC POLICY AND MANAGEMENT,Academia Secondary School,11/3/2023,
838,Brooke,Beveredge,bbeveredgen9@sourceforge.net,Male,fdd012ec-bdeb-4546-9409-61c27d0ae717,MASTER IN PUBLIC POLICY AND MANAGEMENT,Holy Cross Convent School,7/12/2024,
839,Crissie,Renfrew,crenfrewna@amazon.co.jp,Female,8fb46223-fac2-4479-98c8-e744d88181ab,BACHELOR IN HUMAN RESOURCE MANAGEMENT,Etosha Secondary School,9/23/2024,
840,Ario,Collet,acolletnb@bravesites.com,Male,7d1ffa07-0460-4baa-93c0-6be7d93d443c,BACHELOR IN NURSING HONOURS,Hochland High School,5/2/2024,
841,Fraze,Vail,fvailnc@icio.us,Male,6438d274-5e09-4917-8bc9-484361550402,DIPLOMA IN WATER RESOURCES MANAGEMENT,Holy Cross Convent School,3/19/2023,
842,Goldi,Cayser,gcaysernd@msu.edu,Female,5f7bf0e6-5a1b-4577-b52a-94e8ecb1d275,BACHELOR IN HUMAN RESOURCE MANAGEMENT,A. Shipena Secondary School,2/22/2023,
843,Olive,Littlejohn,olittlejohnne@blogs.com,Female,4e53bcfe-2279-49b2-8865-fb126e25d2d6,BACHELOR IN HUMAN RESOURCE MANAGEMENT,Holy Cross Convent School,4/25/2023,
844,Trula,Hassan,thassannf@cargocollective.com,Female,1ed3c563-c9ab-4518-b863-3825d7fbea76,BACHELOR IN HUMAN RESOURCE MANAGEMENT,Etosha Secondary School,9/29/2023,
845,Mathe,Paddingdon,mpaddingdonng@sciencedaily.com,Male,27e2e16f-f369-411d-8f47-a7148b08bc1e,BACHELOR OF SCIENCE IN ELECTRONICS ENGINEERING HONOURS  (ELECTRICAL),Holy Cross Convent School,5/19/2024,
846,Carlo,Sotworth,csotworthnh@businessweek.com,Male,8a58896d-91be-44ab-b082-b11071b239e1,BACHELOR IN HUMAN RESOURCE MANAGEMENT,Hochland High School,7/27/2023,
847,Hewitt,Peppard,,Male,56473b77-6c88-4ce1-8124-32af5373c8bb,BACHELOR OF SCIENCE IN ELECTRONICS ENGINEERING HONOURS  (ELECTRICAL),Hochland High School,5/14/2023,
848,Andrea,McGready,amcgreadynj@sfgate.com,Male,377a82fc-febf-493b-92b1-e456bafaa13d,MASTER IN PUBLIC POLICY AND MANAGEMENT,A. Shipena Secondary School,5/12/2024,
849,Deane,Suller,dsullernk@cnn.com,Female,d43ffed2-7169-414b-81ec-b84cdc9178c4,BACHELOR IN HUMAN RESOURCE MANAGEMENT,J. G. van der Wath Secondary School,2/1/2024,
850,Amby,Wyness,,Male,a30a65c4-ccf7-4e41-a935-d91c04e11834,BACHELOR IN HUMAN RESOURCE MANAGEMENT,Etosha Secondary School,3/1/2024,
851,Tully,Rochford,,Non-binary,b43ccf09-df49-4766-a7b1-92f111ab3034,BACHELOR IN HUMAN RESOURCE MANAGEMENT,Etosha Secondary School,5/19/2024,
852,See,Churching,schurchingnn@issuu.com,Male,89361729-c0ca-4de5-8bab-b96d49d52f4d,MASTER IN PUBLIC POLICY AND MANAGEMENT,Etosha Secondary School,8/11/2024,
853,Laurent,Morigan,lmoriganno@dell.com,Male,0b1ed5f8-0299-4dfe-9642-8150157322ff,BACHELOR IN BUSINESS ADMINISTRATION,Etosha Secondary School,10/15/2023,
854,Garold,Chaundy,gchaundynp@xrea.com,Male,b6e389dd-df43-439f-8d34-f1ac99c04758,BACHELOR IN BUSINESS ADMINISTRATION,Academia Secondary School,1/10/2025,
855,Merilyn,Stanway,mstanwaynq@comsenz.com,Female,eef3972c-d556-4839-ba23-b92c38f10d88,BACHELOR OF SCIENCE IN ELECTRONICS ENGINEERING HONOURS  (ELECTRICAL),Holy Cross Convent School,8/16/2024,
856,Vincents,Mooreed,vmooreednr@washingtonpost.com,Male,5191f6b9-93ea-403c-8560-e0ae9aba7f83,MASTER IN PUBLIC POLICY AND MANAGEMENT,J. G. van der Wath Secondary School,9/30/2023,
857,Sibylla,Bagnall,sbagnallns@nytimes.com,Female,46900d54-ce28-44b3-a200-399c7f7b2fbd,DIPLOMA IN WATER RESOURCES MANAGEMENT,Holy Cross Convent School,4/29/2023,
858,Sarajane,Pavy,spavynt@sourceforge.net,Female,49b39c81-9287-4869-b5be-e63186b38fc3,BACHELOR OF SCIENCE IN ELECTRONICS ENGINEERING HONOURS  (ELECTRICAL),Hochland High School,8/26/2024,
859,Vanya,Limpertz,vlimpertznu@alexa.com,Male,c298393c-1e8b-4da1-9d52-1db4ca3e0d00,DIPLOMA IN WATER RESOURCES MANAGEMENT,Holy Cross Convent School,10/31/2024,
860,Noreen,Folker,nfolkernv@go.com,Female,e097efce-4a67-4c3f-a17e-85977779f1c6,BACHELOR IN HUMAN RESOURCE MANAGEMENT,Etosha Secondary School,3/23/2024,
861,Ikey,Fortye,ifortyenw@shinystat.com,Male,1518bb61-9378-4ac7-a49e-2aa9e4d4268d,MASTER IN PUBLIC POLICY AND MANAGEMENT,Etosha Secondary School,5/26/2024,
862,Emmit,Feasby,efeasbynx@cisco.com,Male,f77de015-baf4-4765-b952-cf6a47795d08,BACHELOR IN HUMAN RESOURCE MANAGEMENT,A. Shipena Secondary School,12/22/2024,
863,Rubetta,Waszczykowski,rwaszczykowskiny@upenn.edu,Female,7be16c10-40f2-4675-b64e-66b91955d52d,BACHELOR IN NURSING HONOURS,J. G. van der Wath Secondary School,10/21/2024,
864,Fergus,Willder,,Genderqueer,70f7d24c-dc95-43eb-98ff-5e3bb36650de,BACHELOR OF SCIENCE IN ELECTRONICS ENGINEERING HONOURS  (ELECTRICAL),Etosha Secondary School,1/12/2025,
865,Sayres,Chisnell,schisnello0@cnn.com,Male,9adcedfe-4dd5-46bb-8fad-42734d63d6d4,DIPLOMA IN WATER RESOURCES MANAGEMENT,A. Shipena Secondary School,5/8/2024,
866,Wini,Giacovetti,wgiacovettio1@feedburner.com,Female,58f2b4a9-3343-4b00-aa3a-0db782284dce,DIPLOMA IN WATER RESOURCES MANAGEMENT,Etosha Secondary School,11/3/2023,
867,Bax,Bastie,bbastieo2@istockphoto.com,Male,8d48a1eb-6f2a-40ef-9bce-0ec377489711,BACHELOR IN BUSINESS ADMINISTRATION,Etosha Secondary School,10/22/2023,
868,Anna-diana,Immins,aimminso3@dot.gov,Genderfluid,7b8d578b-6a7b-4912-9003-09f99d7466e2,BACHELOR IN HUMAN RESOURCE MANAGEMENT,J. G. van der Wath Secondary School,12/22/2024,
869,Olivero,Neicho,oneichoo4@google.co.uk,Male,ecd4daae-f62b-43d9-95fa-d8bcc51e9dbe,BACHELOR OF SCIENCE IN ELECTRONICS ENGINEERING HONOURS  (ELECTRICAL),Holy Cross Convent School,4/25/2023,
870,Randa,Yanele,,Female,1dc87f04-6c34-48cf-a3b0-7eabed67bab7,BACHELOR IN NURSING HONOURS,Academia Secondary School,11/3/2024,
871,Nonnah,Pedri,,Female,5f3bd57d-3221-43c6-af9a-f0a1840c3f27,BACHELOR IN BUSINESS ADMINISTRATION,Academia Secondary School,6/6/2023,
872,Pembroke,Itzhayek,pitzhayeko7@odnoklassniki.ru,Male,bcbe44dc-dea3-4450-8d0a-f5f7828d6918,BACHELOR IN NURSING HONOURS,Holy Cross Convent School,2/17/2024,
873,Katrine,Verbeek,kverbeeko8@woothemes.com,Female,64c48f6e-40c7-4120-a8d5-9e8429ca02d5,BACHELOR IN NURSING HONOURS,Etosha Secondary School,6/11/2023,
874,Timotheus,Mechi,tmechio9@imageshack.us,Male,d13dea07-bc80-4aea-a26c-36d4c42ab228,BACHELOR IN NURSING HONOURS,Hochland High School,2/23/2023,
875,Almeria,Southby,,Female,52f0623d-290d-4a94-a80d-9d9888eb8b77,BACHELOR IN NURSING HONOURS,Holy Cross Convent School,11/10/2023,
876,Donielle,Ifill,difillob@nasa.gov,Female,533fd8b5-0424-4499-83f5-9d24957e75ae,BACHELOR IN HUMAN RESOURCE MANAGEMENT,Academia Secondary School,3/8/2024,
877,Regine,Schuricke,,Female,086b7437-4d98-48d7-9e42-3aeaf32189b8,MASTER IN PUBLIC POLICY AND MANAGEMENT,Holy Cross Convent School,1/18/2025,
878,Oswald,Aynsley,oaynsleyod@utexas.edu,Male,41abac2f-315b-4921-992e-33f05eb84ef8,BACHELOR IN HUMAN RESOURCE MANAGEMENT,A. Shipena Secondary School,7/23/2024,
879,Steffie,Gasking,,Non-binary,ec48ba4d-bc9a-4c3a-a55b-add99afa6f19,BACHELOR IN BUSINESS ADMINISTRATION,Holy Cross Convent School,2/23/2024,
880,Jard,Verty,jvertyof@bbb.org,Male,0e0a5820-70eb-411e-ba29-ee32bfde4cc5,BACHELOR OF SCIENCE IN ELECTRONICS ENGINEERING HONOURS  (ELECTRICAL),Hochland High School,3/26/2024,
881,Katerine,Wilstead,kwilsteadog@ihg.com,Female,5db77f38-f8bd-4d30-8646-bd410a6aba42,BACHELOR OF SCIENCE IN ELECTRONICS ENGINEERING HONOURS  (ELECTRICAL),Academia Secondary School,2/23/2023,
882,Raynard,Vigers,rvigersoh@digg.com,Male,191efbe4-c842-4b8b-89ca-81fad8f42ceb,BACHELOR IN NURSING HONOURS,A. Shipena Secondary School,5/27/2024,
883,Beniamino,Doget,bdogetoi@tinyurl.com,Male,8dfa40ac-3607-4f23-ba37-54204b41e455,BACHELOR OF SCIENCE IN ELECTRONICS ENGINEERING HONOURS  (ELECTRICAL),Academia Secondary School,1/24/2025,
884,Rainer,Dudeney,,Male,4b2c952c-44d6-477f-add3-09e3af5a79b9,BACHELOR IN BUSINESS ADMINISTRATION,Academia Secondary School,11/2/2023,
885,Janessa,Birtles,jbirtlesok@nps.gov,Female,bad98432-e41c-4a25-9bf5-90c9aff4c2fe,BACHELOR OF SCIENCE IN ELECTRONICS ENGINEERING HONOURS  (ELECTRICAL),A. Shipena Secondary School,1/6/2024,
886,Kizzee,Saladine,,Non-binary,5315f5d4-27e9-40cc-9653-546bad014ca9,BACHELOR IN BUSINESS ADMINISTRATION,Etosha Secondary School,4/7/2024,
887,Juliana,Goodband,,Polygender,af7fd23a-f6ec-4148-a945-c10b85539ece,BACHELOR OF SCIENCE IN ELECTRONICS ENGINEERING HONOURS  (ELECTRICAL),J. G. van der Wath Secondary School,10/25/2023,
888,Terrance,Lawlee,tlawleeon@dagondesign.com,Male,767272e2-4def-4a26-bf95-d5a1ee6a2443,BACHELOR IN BUSINESS ADMINISTRATION,Etosha Secondary School,6/20/2023,
889,Marlee,Peffer,mpefferoo@unesco.org,Female,8232dedf-bf4c-4d3e-846f-58aa902361d1,DIPLOMA IN WATER RESOURCES MANAGEMENT,Etosha Secondary School,6/21/2023,
890,Ricardo,Lalor,rlalorop@google.co.uk,Male,2d9ffce9-2962-4b19-9c04-7514d340d83d,MASTER IN PUBLIC POLICY AND MANAGEMENT,Hochland High School,1/25/2024,
891,Quinta,Eyckel,qeyckeloq@jigsy.com,Female,5dc6fe3c-d06f-4f6f-8058-3e69f03bdb3b,DIPLOMA IN WATER RESOURCES MANAGEMENT,J. G. van der Wath Secondary School,4/4/2023,
892,Chilton,Saipy,csaipyor@plala.or.jp,Male,9f5e5dd2-8437-4b1b-8d8d-dd88e9fd7c66,DIPLOMA IN WATER RESOURCES MANAGEMENT,J. G. van der Wath Secondary School,2/27/2023,
893,Mano,Norcop,mnorcopos@unicef.org,Male,50500619-c2a6-4e1e-ad57-ff44970f1cee,BACHELOR IN BUSINESS ADMINISTRATION,J. G. van der Wath Secondary School,2/3/2024,
894,Roselle,Walmsley,rwalmsleyot@springer.com,Female,66d2624c-174f-44b7-a3e6-5a71f47795c7,DIPLOMA IN WATER RESOURCES MANAGEMENT,Etosha Secondary School,8/2/2023,
895,Mab,Guynemer,mguynemerou@vk.com,Female,2a92c0fd-3bc6-4ea3-96d9-0da761a52251,DIPLOMA IN WATER RESOURCES MANAGEMENT,Academia Secondary School,6/26/2023,
896,Margaretha,Matejka,mmatejkaov@state.tx.us,Female,2ae16607-02ac-4f35-944e-6e8046087800,BACHELOR IN NURSING HONOURS,Holy Cross Convent School,4/4/2024,
897,Karissa,Jore,,Female,3054d57b-1a85-4472-b1fd-87c4c4ed2a7d,MASTER IN PUBLIC POLICY AND MANAGEMENT,Etosha Secondary School,11/15/2024,
898,Edie,Cammomile,ecammomileox@nytimes.com,Female,7bce5309-220b-4f14-b46d-8773aa74eae1,BACHELOR IN HUMAN RESOURCE MANAGEMENT,A. Shipena Secondary School,8/19/2024,
899,Afton,Northway,anorthwayoy@squidoo.com,Female,ffbac731-9e2c-4aee-a4c9-7c5ca34a8294,DIPLOMA IN WATER RESOURCES MANAGEMENT,Hochland High School,4/13/2023,
900,Glad,Batcock,gbatcockoz@state.tx.us,Polygender,984bc243-fad6-431d-8227-93ccf9eaccd3,DIPLOMA IN WATER RESOURCES MANAGEMENT,A. Shipena Secondary School,2/6/2023,
901,Nat,Simeonov,nsimeonovp0@gnu.org,Female,f5881a0b-c749-47f3-b2aa-9f5187d5f049,BACHELOR IN BUSINESS ADMINISTRATION,Holy Cross Convent School,6/13/2023,
902,Raymund,Langfat,rlangfatp1@nasa.gov,Male,18a4a724-e9f1-4101-b995-1b84ea8db518,MASTER IN PUBLIC POLICY AND MANAGEMENT,Etosha Secondary School,9/16/2024,
903,Lethia,Wilkenson,,Female,db28080b-dc54-48a1-bc39-60fdc581e6e3,MASTER IN PUBLIC POLICY AND MANAGEMENT,A. Shipena Secondary School,4/18/2024,
904,Aleta,Ferrini,,Female,54db8630-b432-4abe-9d18-b01f55b2d5e4,BACHELOR IN BUSINESS ADMINISTRATION,Academia Secondary School,7/30/2023,
905,Cletus,Oliffe,coliffep4@ftc.gov,Male,5fd6c622-a4b3-4a55-b261-59f9ee411bbc,BACHELOR IN HUMAN RESOURCE MANAGEMENT,A. Shipena Secondary School,8/19/2024,
906,Saudra,Buttrum,,Female,87666e7f-1595-4064-aaa9-5a91f9ca06cd,MASTER IN PUBLIC POLICY AND MANAGEMENT,Academia Secondary School,7/15/2024,
907,Kimberlyn,Culshew,kculshewp6@comcast.net,Female,12fda65e-971c-4beb-a5e5-6416d8b3150d,BACHELOR IN BUSINESS ADMINISTRATION,Etosha Secondary School,1/6/2024,
908,Tad,Herculson,therculsonp7@blinklist.com,Male,0fdab673-8f27-420b-85b5-68fe7e371aa3,DIPLOMA IN WATER RESOURCES MANAGEMENT,Etosha Secondary School,12/6/2024,
909,Deidre,Zelner,dzelnerp8@nifty.com,Female,d4604fa5-118e-4083-9665-45aa126ab38e,BACHELOR OF SCIENCE IN ELECTRONICS ENGINEERING HONOURS  (ELECTRICAL),Hochland High School,4/10/2023,
910,Iggie,Vondra,,Male,5c02e0d2-4f32-4f4d-bd87-3e57f9f29a4a,MASTER IN PUBLIC POLICY AND MANAGEMENT,Academia Secondary School,12/12/2023,
911,Mellisa,Overland,moverlandpa@icio.us,Female,2c9de6b5-8065-4428-a76f-f8a2061d33af,BACHELOR IN BUSINESS ADMINISTRATION,J. G. van der Wath Secondary School,10/1/2023,
912,Dianne,Umbert,dumbertpb@arizona.edu,Female,6d90064c-6925-4c06-b206-ddf4a9ddb24d,MASTER IN PUBLIC POLICY AND MANAGEMENT,Holy Cross Convent School,3/3/2024,
913,Steven,Vautre,svautrepc@exblog.jp,Male,d27dd37f-032a-424e-bfe3-7a86c36e5e1c,BACHELOR IN HUMAN RESOURCE MANAGEMENT,A. Shipena Secondary School,1/29/2025,
914,Sindee,Gable,sgablepd@mit.edu,Female,5f77eeb1-b0e4-4bee-a82e-238d30c6f15f,MASTER IN PUBLIC POLICY AND MANAGEMENT,Holy Cross Convent School,7/26/2023,
915,Cristie,Gribbins,cgribbinspe@wisc.edu,Genderfluid,c6485bd6-7e2a-4f00-bcd2-b590a158a128,DIPLOMA IN WATER RESOURCES MANAGEMENT,Etosha Secondary School,10/24/2024,
916,Bertrand,Kitman,bkitmanpf@4shared.com,Male,08e27724-6a49-42fb-956d-03427f76c29d,DIPLOMA IN WATER RESOURCES MANAGEMENT,A. Shipena Secondary School,8/7/2023,
917,Agatha,Timoney,atimoneypg@webs.com,Female,02b04a32-a421-419d-8a9c-dccf062885ea,DIPLOMA IN WATER RESOURCES MANAGEMENT,A. Shipena Secondary School,6/23/2023,
918,Derek,Williscroft,dwilliscroftph@constantcontact.com,Genderfluid,4c302183-3356-4285-841c-f5b9ef01e3cf,DIPLOMA IN WATER RESOURCES MANAGEMENT,A. Shipena Secondary School,1/6/2024,
919,Tomasina,Worstall,tworstallpi@woothemes.com,Female,4214fb77-afc5-4a4c-b4c8-8c9c166b34ea,BACHELOR IN NURSING HONOURS,A. Shipena Secondary School,6/17/2024,
920,Carlo,Lamerton,clamertonpj@about.com,Male,00d3068f-12b4-456b-b6b5-183df179d7f4,MASTER IN PUBLIC POLICY AND MANAGEMENT,Academia Secondary School,5/18/2024,
921,Eyde,Raith,eraithpk@thetimes.co.uk,Female,2dfa9f71-ef63-4870-ad73-0627e0445fe2,BACHELOR OF SCIENCE IN ELECTRONICS ENGINEERING HONOURS  (ELECTRICAL),A. Shipena Secondary School,2/19/2023,
922,Beatrix,Brogi,bbrogipl@stumbleupon.com,Female,c43d2ede-88a3-40b7-9565-477e049f096e,MASTER IN PUBLIC POLICY AND MANAGEMENT,Holy Cross Convent School,12/23/2024,
923,Ondrea,Bulloch,obullochpm@smh.com.au,Female,3c3eb050-dc84-462a-bf8d-5a3481bcefff,BACHELOR IN HUMAN RESOURCE MANAGEMENT,J. G. van der Wath Secondary School,12/22/2023,
924,Jarid,Wasbey,jwasbeypn@theatlantic.com,Male,9f22ced7-5a7d-452f-8585-c9620ddb1321,BACHELOR IN HUMAN RESOURCE MANAGEMENT,Holy Cross Convent School,8/28/2024,
925,Codi,Reddin,creddinpo@wikimedia.org,Male,2020906d-0acb-414b-b99b-f1c49ab73c55,MASTER IN PUBLIC POLICY AND MANAGEMENT,J. G. van der Wath Secondary School,11/14/2023,
926,Austin,Masterson,amastersonpp@merriam-webster.com,Male,59db75e7-c42d-4abe-91d0-51c8a0ecf94b,BACHELOR IN NURSING HONOURS,Holy Cross Convent School,11/26/2024,
927,Shaun,Degnen,sdegnenpq@cloudflare.com,Male,8ff0eaf9-289c-4155-a9dc-47b48d35131f,BACHELOR IN HUMAN RESOURCE MANAGEMENT,Holy Cross Convent School,9/5/2023,
928,Tabbitha,Lloyds,tlloydspr@google.com,Genderqueer,128ea11e-05c6-4d89-966a-1c27d8827825,BACHELOR OF SCIENCE IN ELECTRONICS ENGINEERING HONOURS  (ELECTRICAL),J. G. van der Wath Secondary School,8/11/2024,
929,Amargo,Halfhide,,Female,e7657f2e-0e66-473d-b4ad-b4426c1f5413,DIPLOMA IN WATER RESOURCES MANAGEMENT,Holy Cross Convent School,9/2/2024,
930,Armando,Lohde,alohdept@ovh.net,Male,d6ff93bd-e0e9-4c35-985f-f3e371e60a91,BACHELOR IN HUMAN RESOURCE MANAGEMENT,J. G. van der Wath Secondary School,3/1/2023,
931,Shem,Hucquart,shucquartpu@columbia.edu,Male,5348658d-d61e-4433-9b27-794164403d1d,DIPLOMA IN WATER RESOURCES MANAGEMENT,Holy Cross Convent School,12/24/2024,
932,Tiertza,Gorioli,tgoriolipv@eventbrite.com,Female,a4ec3c8f-dfe1-4731-b2c8-a628d78e8a27,MASTER IN PUBLIC POLICY AND MANAGEMENT,Etosha Secondary School,10/26/2023,
933,Nanette,Eliet,nelietpw@sohu.com,Female,70d0c13f-e126-4091-8109-d2ae5b2174cb,BACHELOR OF SCIENCE IN ELECTRONICS ENGINEERING HONOURS  (ELECTRICAL),Etosha Secondary School,10/28/2023,
934,Loni,Chitter,,Female,62428c22-c26a-4f1d-b2b9-15d89055f432,MASTER IN PUBLIC POLICY AND MANAGEMENT,Academia Secondary School,5/5/2023,
935,Henka,MacCole,hmaccolepy@1688.com,Female,362a3702-8807-46b8-9d46-a115da1b0fad,BACHELOR IN HUMAN RESOURCE MANAGEMENT,Hochland High School,5/9/2024,
936,Sydel,Brasner,sbrasnerpz@slideshare.net,Female,780cd8d2-b039-4267-bc99-2b5d4b30503e,BACHELOR IN NURSING HONOURS,Holy Cross Convent School,1/13/2025,
937,Percival,Raynard,praynardq0@sourceforge.net,Male,37da9b2a-3eb5-45bd-abeb-67e565454409,MASTER IN PUBLIC POLICY AND MANAGEMENT,Hochland High School,8/4/2023,
938,Erskine,Neligan,,Male,9b27879b-bdf9-4530-b2e8-3b74169d115d,DIPLOMA IN WATER RESOURCES MANAGEMENT,Holy Cross Convent School,9/19/2023,
939,Sheena,Paddefield,spaddefieldq2@gnu.org,Female,5415958e-4ac5-4e88-84d5-dec87dcd63f0,BACHELOR IN NURSING HONOURS,Etosha Secondary School,10/11/2023,
940,Towny,Kyston,tkystonq3@rambler.ru,Male,01d566d6-b5b3-45ea-8aaf-73d3f9c8c780,MASTER IN PUBLIC POLICY AND MANAGEMENT,J. G. van der Wath Secondary School,4/30/2024,
941,Tuckie,Jachimczak,tjachimczakq4@typepad.com,Bigender,cdce1afa-77a2-44a9-a1c6-9d2f49398205,BACHELOR IN NURSING HONOURS,Holy Cross Convent School,9/19/2023,
942,Arleta,Horsted,ahorstedq5@theatlantic.com,Female,2308a803-53ed-4c4d-8f83-32313754f77f,BACHELOR IN HUMAN RESOURCE MANAGEMENT,Hochland High School,12/9/2023,
943,Aurelia,Harris,,Female,522f322f-f554-48e1-b5ed-9a53a086bd2f,BACHELOR IN BUSINESS ADMINISTRATION,Academia Secondary School,9/20/2024,
944,Gabrila,Maris,gmarisq7@yahoo.co.jp,Female,81248d22-56ff-44e3-9dcc-3d3f1ab81c4d,BACHELOR IN HUMAN RESOURCE MANAGEMENT,J. G. van der Wath Secondary School,2/27/2024,
945,Andra,Elleray,aellerayq8@jiathis.com,Polygender,ee4c9a02-560a-450d-88b3-c8a474f7a446,BACHELOR OF SCIENCE IN ELECTRONICS ENGINEERING HONOURS  (ELECTRICAL),Etosha Secondary School,3/7/2024,
946,Tracy,Bach,tbachq9@soundcloud.com,Male,1750343c-6885-4d6e-83d0-d1c35fa04580,DIPLOMA IN WATER RESOURCES MANAGEMENT,Etosha Secondary School,3/23/2024,
947,Berkie,Gillise,bgilliseqa@omniture.com,Male,0979f8b3-d7db-4695-baa8-de39e4c000a1,BACHELOR OF SCIENCE IN ELECTRONICS ENGINEERING HONOURS  (ELECTRICAL),J. G. van der Wath Secondary School,10/27/2024,
948,Ruttger,Wimbury,,Male,96d19f7f-4801-43ea-9370-6e461e195f73,BACHELOR IN HUMAN RESOURCE MANAGEMENT,Academia Secondary School,5/27/2024,
949,Lisa,Messier,,Female,16a19896-92f6-4de7-bdbd-3c18e48d5df5,BACHELOR IN NURSING HONOURS,Etosha Secondary School,9/6/2023,
950,Kathrine,Eaken,keakenqd@lycos.com,Female,8c6056dc-73cc-4e41-b941-a1c112c504a9,BACHELOR IN HUMAN RESOURCE MANAGEMENT,Academia Secondary School,5/28/2024,
951,Iain,Bellay,ibellayqe@opera.com,Male,001daf08-5bba-492a-a9f4-1ad05aa47244,DIPLOMA IN WATER RESOURCES MANAGEMENT,A. Shipena Secondary School,5/25/2024,
952,Margot,Trever,mtreverqf@over-blog.com,Female,80c34468-89f8-49d1-8740-42cb4aef11bd,MASTER IN PUBLIC POLICY AND MANAGEMENT,Holy Cross Convent School,9/29/2024,
953,Izzy,Scamerdine,iscamerdineqg@phpbb.com,Male,85619318-3242-431f-9350-cff5a5e3e0c2,BACHELOR IN BUSINESS ADMINISTRATION,Etosha Secondary School,7/20/2024,
954,Rolph,Tailour,,Male,08cc5d46-eedf-437d-81a4-bb1448010429,BACHELOR OF SCIENCE IN ELECTRONICS ENGINEERING HONOURS  (ELECTRICAL),Etosha Secondary School,12/26/2024,
955,Marcella,Fahrenbacher,mfahrenbacherqi@psu.edu,Female,e3e8778b-955e-40aa-b4bb-9fe2c83618c9,BACHELOR IN HUMAN RESOURCE MANAGEMENT,Hochland High School,2/12/2023,
956,Nobie,Brame,nbrameqj@dell.com,Male,468dc1d5-087a-4c22-a887-0293241c1e15,MASTER IN PUBLIC POLICY AND MANAGEMENT,Academia Secondary School,7/1/2024,
957,Marshal,Jachtym,mjachtymqk@wunderground.com,Genderqueer,e0a05e29-6bc6-453d-8dda-800564faf2ac,MASTER IN PUBLIC POLICY AND MANAGEMENT,Academia Secondary School,10/10/2023,
958,Gunar,Lovell,glovellql@discovery.com,Male,2b67a5d7-5466-4120-99ac-f1fe9a19790e,MASTER IN PUBLIC POLICY AND MANAGEMENT,Holy Cross Convent School,12/23/2023,
959,Alecia,Scartifield,,Female,5273ef0e-2c74-41ff-8ac9-cc3740f8da5a,BACHELOR IN BUSINESS ADMINISTRATION,Hochland High School,5/20/2024,
960,Terra,Sawer,tsawerqn@google.pl,Female,3b011849-2a4f-48ed-bf33-231543c6b062,BACHELOR IN HUMAN RESOURCE MANAGEMENT,Hochland High School,2/2/2024,
961,Marieann,Wigg,mwiggqo@hugedomains.com,Female,f1464cd8-e1b3-4708-83a4-ea5dad7152a4,BACHELOR IN HUMAN RESOURCE MANAGEMENT,Hochland High School,6/3/2023,
962,Ricoriki,Cosgrave,,Male,61e4374e-13bc-430b-9c5b-cf0e212f1fcc,MASTER IN PUBLIC POLICY AND MANAGEMENT,A. Shipena Secondary School,3/4/2023,
963,Pier,Gaskoin,pgaskoinqq@wufoo.com,Female,b4b0dc0f-6e34-424c-a100-f09102ac387e,BACHELOR OF SCIENCE IN ELECTRONICS ENGINEERING HONOURS  (ELECTRICAL),Hochland High School,9/20/2023,
964,Derrik,Bauldry,dbauldryqr@webnode.com,Male,005d6f95-9887-470e-87bf-fe2b842e32e3,DIPLOMA IN WATER RESOURCES MANAGEMENT,Holy Cross Convent School,11/27/2023,
965,Alexandros,Hackey,ahackeyqs@blogspot.com,Male,e2cb4fc0-5f95-4070-bd56-8ec569c68c21,BACHELOR IN NURSING HONOURS,Etosha Secondary School,7/5/2024,
966,Drake,Kalkhoven,dkalkhovenqt@samsung.com,Male,ac7c9652-8add-49e5-a368-bc52f1e522ba,DIPLOMA IN WATER RESOURCES MANAGEMENT,A. Shipena Secondary School,9/4/2023,
967,Dehlia,Howard,dhowardqu@amazonaws.com,Female,ae0cbd90-c013-4ec8-80cd-aa22efc160c0,DIPLOMA IN WATER RESOURCES MANAGEMENT,Academia Secondary School,11/13/2023,
968,Gabbey,Ruzicka,gruzickaqv@ifeng.com,Female,4eee601a-bf66-44e7-a89f-3775e59436df,BACHELOR IN NURSING HONOURS,J. G. van der Wath Secondary School,2/10/2024,
969,Guinevere,Brewins,gbrewinsqw@wunderground.com,Female,98252e50-1009-4790-ae10-845fe5efe22f,BACHELOR IN NURSING HONOURS,Hochland High School,7/4/2024,
970,Lynnell,Castiello,lcastielloqx@naver.com,Female,407696b5-d7e9-4db4-b1ac-354a9eaf09f9,DIPLOMA IN WATER RESOURCES MANAGEMENT,Etosha Secondary School,5/25/2023,
971,Dorelia,Pettit,dpettitqy@edublogs.org,Female,2623bd5f-39d2-4411-acd5-68568813835b,DIPLOMA IN WATER RESOURCES MANAGEMENT,Holy Cross Convent School,5/23/2024,
972,Aline,Whitaker,,Genderfluid,4e487d4b-0dfd-462b-b1b4-127a6eded5f6,MASTER IN PUBLIC POLICY AND MANAGEMENT,Hochland High School,5/1/2024,
973,Gert,D'Aubney,gdaubneyr0@usgs.gov,Female,29207868-adff-4091-bf36-37a3341fd87f,MASTER IN PUBLIC POLICY AND MANAGEMENT,Etosha Secondary School,11/27/2023,
974,Mathew,Blaw,,Male,e0bc2582-b462-43ae-9403-b71aa1d3ad47,DIPLOMA IN WATER RESOURCES MANAGEMENT,A. Shipena Secondary School,3/16/2024,
975,Eba,Holdforth,eholdforthr2@dailymail.co.uk,Female,4340f8da-a97c-4bab-b7f9-dc6d241b925e,BACHELOR IN NURSING HONOURS,Hochland High School,5/29/2023,
976,Burch,Arguile,barguiler3@histats.com,Male,e37e45bb-73db-4452-850b-f4d7749ed20c,BACHELOR IN HUMAN RESOURCE MANAGEMENT,Etosha Secondary School,5/7/2024,
977,Gerome,Smittoune,gsmittouner4@exblog.jp,Male,adbcd9a1-5c66-4dcd-a1f5-03b2b49388dd,BACHELOR OF SCIENCE IN ELECTRONICS ENGINEERING HONOURS  (ELECTRICAL),Hochland High School,5/4/2024,
978,Kelli,Volante,,Female,8244c5b8-15c1-4038-aec0-bad65e7a4a0b,BACHELOR OF SCIENCE IN ELECTRONICS ENGINEERING HONOURS  (ELECTRICAL),Academia Secondary School,8/7/2023,
979,Myrah,Moncreiff,mmoncreiffr6@usatoday.com,Female,7d51f1b9-bd1d-43c4-908f-16765f58ad0c,BACHELOR IN BUSINESS ADMINISTRATION,Hochland High School,11/16/2024,
980,Gustavus,Clementel,,Male,2d8a27b6-a4d5-4550-899d-cfd63a23aa50,BACHELOR OF SCIENCE IN ELECTRONICS ENGINEERING HONOURS  (ELECTRICAL),Hochland High School,3/13/2023,
981,Niki,Eskell,neskellr8@cisco.com,Male,60cf0648-ae7d-439b-b3fd-162d6e139cd8,BACHELOR OF SCIENCE IN ELECTRONICS ENGINEERING HONOURS  (ELECTRICAL),J. G. van der Wath Secondary School,6/4/2023,
982,Geneva,Dunkerton,gdunkertonr9@ebay.co.uk,Female,a2d294c2-61f6-4030-9be5-7caee3567501,DIPLOMA IN WATER RESOURCES MANAGEMENT,Etosha Secondary School,8/16/2023,
983,Ly,Hunnawill,lhunnawillra@wikispaces.com,Male,183a5198-1a65-4b1c-87be-f0bbf21f7935,MASTER IN PUBLIC POLICY AND MANAGEMENT,Hochland High School,7/16/2024,
984,Lezley,Hardinge,lhardingerb@huffingtonpost.com,Male,4dba80f8-9977-4ef4-b172-a1a8c996b25b,BACHELOR IN BUSINESS ADMINISTRATION,Etosha Secondary School,4/28/2024,
985,Margit,Pinchen,,Female,41f42e6b-4387-42fa-9cfe-93a638b7fbbc,DIPLOMA IN WATER RESOURCES MANAGEMENT,Holy Cross Convent School,7/23/2024,
986,Bobette,Cardno,bcardnord@amazon.com,Female,866e335d-19ad-43ca-a61e-9a2f65971194,MASTER IN PUBLIC POLICY AND MANAGEMENT,Holy Cross Convent School,4/2/2024,
987,Elva,Fayne,efaynere@cpanel.net,Female,d38ae4c2-f25b-4db0-94d4-935190287660,BACHELOR OF SCIENCE IN ELECTRONICS ENGINEERING HONOURS  (ELECTRICAL),A. Shipena Secondary School,2/3/2024,
988,Maddalena,Stanman,mstanmanrf@msn.com,Female,8089ae46-a941-4990-b7e5-3b74c861999d,BACHELOR IN HUMAN RESOURCE MANAGEMENT,Holy Cross Convent School,5/1/2024,
989,Scottie,O'Leahy,soleahyrg@cyberchimps.com,Male,f38d5b14-4410-4db9-a091-93b2ae5236e5,DIPLOMA IN WATER RESOURCES MANAGEMENT,Holy Cross Convent School,9/8/2023,
990,Knox,Godwyn,kgodwynrh@comcast.net,Male,4fb80373-5c23-4b18-8610-6ec835595943,DIPLOMA IN WATER RESOURCES MANAGEMENT,Academia Secondary School,10/28/2023,
991,Kathryne,Bissiker,kbissikerri@pen.io,Female,e873f58e-933b-40c4-b9f1-3fdb239fba3e,DIPLOMA IN WATER RESOURCES MANAGEMENT,Academia Secondary School,11/3/2023,
992,Adelbert,Mitchely,amitchelyrj@eventbrite.com,Male,77bb7db1-8119-4892-9ad6-8377836d9e7c,DIPLOMA IN WATER RESOURCES MANAGEMENT,Academia Secondary School,3/20/2023,
993,Chelsy,Potteril,,Female,52eac323-3436-4810-a929-09a825709418,BACHELOR IN BUSINESS ADMINISTRATION,Holy Cross Convent School,10/14/2023,
994,Lorilyn,Marginson,,Female,e11bfbf4-148b-4b6d-9ef5-0ee6026cc212,DIPLOMA IN WATER RESOURCES MANAGEMENT,Holy Cross Convent School,1/3/2025,
995,Erroll,Zorener,ezorenerrm@wunderground.com,Polygender,6d3ac710-e84b-43fe-a18e-f5dd40279d53,MASTER IN PUBLIC POLICY AND MANAGEMENT,Hochland High School,9/4/2023,
996,Carolan,Abelevitz,cabelevitzrn@geocities.com,Female,e88bfadd-0be3-45eb-896d-6e1d1d9a807a,BACHELOR IN HUMAN RESOURCE MANAGEMENT,Hochland High School,8/3/2024,
997,Samaria,Treven,strevenro@youku.com,Female,be6c2e15-56e0-443f-8f29-1ea03b570754,BACHELOR IN NURSING HONOURS,Etosha Secondary School,7/28/2023,
998,Lorenza,Emanueli,lemanuelirp@boston.com,Female,04f33fb7-1a9e-4cfb-9904-798740b8f297,DIPLOMA IN WATER RESOURCES MANAGEMENT,J. G. van der Wath Secondary School,7/27/2024,
999,Terry,Lauthian,tlauthianrq@soup.io,Female,f281c148-6ee8-45e8-9a68-a174a9c45686,DIPLOMA IN WATER RESOURCES MANAGEMENT,Academia Secondary School,3/31/2023,
1000,Donnie,Whichelow,dwhichelowrr@youku.com,Female,fe5effca-857a-42ab-b383-de4c9aa23309,BACHELOR OF SCIENCE IN ELECTRONICS ENGINEERING HONOURS  (ELECTRICAL),Academia Secondary School,11/23/2023,
